-- phpMyAdmin SQL Dump
-- version 4.7.0
-- https://www.phpmyadmin.net/
--
-- Host: 127.0.0.1
-- Generation Time: Feb 16, 2019 at 08:31 AM
-- Server version: 10.1.24-MariaDB
-- PHP Version: 7.1.6

SET SQL_MODE = "NO_AUTO_VALUE_ON_ZERO";
SET AUTOCOMMIT = 0;
START TRANSACTION;
SET time_zone = "+00:00";


/*!40101 SET @OLD_CHARACTER_SET_CLIENT=@@CHARACTER_SET_CLIENT */;
/*!40101 SET @OLD_CHARACTER_SET_RESULTS=@@CHARACTER_SET_RESULTS */;
/*!40101 SET @OLD_COLLATION_CONNECTION=@@COLLATION_CONNECTION */;
/*!40101 SET NAMES utf8mb4 */;

--
-- Database: `waterdb`
--

-- --------------------------------------------------------

--
-- Table structure for table `areas`
--

CREATE TABLE `areas` (
  `id` int(10) UNSIGNED NOT NULL,
  `area` varchar(191) COLLATE utf8mb4_unicode_ci NOT NULL,
  `location` varchar(191) COLLATE utf8mb4_unicode_ci NOT NULL,
  `created_at` timestamp NULL DEFAULT NULL,
  `updated_at` timestamp NULL DEFAULT NULL
) ENGINE=InnoDB DEFAULT CHARSET=utf8mb4 COLLATE=utf8mb4_unicode_ci;

--
-- Dumping data for table `areas`
--

INSERT INTO `areas` (`id`, `area`, `location`, `created_at`, `updated_at`) VALUES
(1, 'A', '', '2018-10-22 07:29:37', '2018-10-22 07:29:37'),
(2, 'B', '', '2018-10-22 07:29:37', '2018-10-22 07:29:37');

-- --------------------------------------------------------

--
-- Table structure for table `contacts`
--

CREATE TABLE `contacts` (
  `id` int(10) UNSIGNED NOT NULL,
  `firstname` varchar(191) COLLATE utf8mb4_unicode_ci NOT NULL,
  `lastname` varchar(191) COLLATE utf8mb4_unicode_ci NOT NULL,
  `address` varchar(191) COLLATE utf8mb4_unicode_ci NOT NULL,
  `contact` varchar(191) COLLATE utf8mb4_unicode_ci NOT NULL,
  `created_at` timestamp NULL DEFAULT NULL,
  `updated_at` timestamp NULL DEFAULT NULL,
  `area_id` int(11) NOT NULL
) ENGINE=InnoDB DEFAULT CHARSET=utf8mb4 COLLATE=utf8mb4_unicode_ci;

--
-- Dumping data for table `contacts`
--

INSERT INTO `contacts` (`id`, `firstname`, `lastname`, `address`, `contact`, `created_at`, `updated_at`, `area_id`) VALUES
(3, 'Cirila', 'Lina', 'Maslog', '09306866512', '2018-10-17 04:26:50', '2018-10-17 04:26:50', 2),
(4, 'Merly', 'Bakiki', 'Balilihan', '09162918908', '2018-10-17 04:27:15', '2018-10-18 05:15:53', 1),
(5, 'Jong', 'Lerion', 'Kamayaan', '09101549301', '2018-10-22 10:04:10', '2018-10-22 10:04:10', 2);

-- --------------------------------------------------------

--
-- Table structure for table `levels`
--

CREATE TABLE `levels` (
  `id` int(10) UNSIGNED NOT NULL,
  `centimeter` double NOT NULL,
  `created_at` timestamp NULL DEFAULT NULL,
  `updated_at` timestamp NULL DEFAULT NULL,
  `number` int(11) NOT NULL DEFAULT '1',
  `area_id` int(11) NOT NULL
) ENGINE=InnoDB DEFAULT CHARSET=utf8mb4 COLLATE=utf8mb4_unicode_ci;

--
-- Dumping data for table `levels`
--

INSERT INTO `levels` (`id`, `centimeter`, `created_at`, `updated_at`, `number`, `area_id`) VALUES
(1, 15, '2018-10-21 16:00:00', NULL, 1, 1),
(2, 20, '2018-10-21 16:00:00', NULL, 4, 2),
(3, 18, '2018-10-20 16:00:00', NULL, 2, 1),
(4, 17, '2018-10-20 16:00:00', NULL, 2, 2),
(5, 5, '2018-10-22 08:40:30', '2018-10-22 08:40:30', 2, 1),
(6, 11, '2018-10-22 08:40:32', '2018-10-22 08:40:32', 3, 1),
(7, 11, '2018-10-22 08:40:46', '2018-10-22 08:40:46', 3, 2),
(8, 2, '2018-10-22 08:40:46', '2018-10-22 08:40:46', 1, 1),
(9, 12, '2018-10-22 08:41:14', '2018-10-22 08:41:14', 3, 2),
(10, 9, '2018-10-22 08:41:16', '2018-10-22 08:41:16', 2, 2),
(11, 4, '2018-10-22 08:41:30', '2018-10-22 08:41:30', 1, 1),
(12, 2, '2018-10-22 08:42:55', '2018-10-22 08:42:55', 1, 2),
(13, 2, '2018-10-22 08:43:58', '2018-10-22 08:43:58', 1, 1),
(14, 12, '2018-10-22 08:44:07', '2018-10-22 08:44:07', 3, 2),
(15, 11, '2018-10-22 08:44:08', '2018-10-22 08:44:08', 3, 1),
(16, 8, '2018-10-22 08:44:09', '2018-10-22 08:44:09', 2, 2),
(17, 0, '2018-10-22 08:44:10', '2018-10-22 08:44:10', 1, 1),
(18, 0, '2018-10-22 08:44:23', '2018-10-22 08:44:23', 1, 2),
(19, 4, '2018-10-22 08:44:32', '2018-10-22 08:44:32', 1, 1),
(20, 0, '2018-10-22 08:44:35', '2018-10-22 08:44:35', 1, 2),
(21, 6, '2018-10-22 08:46:01', '2018-10-22 08:46:01', 2, 2),
(22, 9, '2018-10-22 08:46:02', '2018-10-22 08:46:02', 2, 1),
(23, 14, '2018-10-22 08:46:03', '2018-10-22 08:46:03', 3, 2),
(24, 6, '2018-10-22 08:46:05', '2018-10-22 08:46:05', 2, 2),
(25, 13, '2018-10-22 08:46:07', '2018-10-22 08:46:07', 3, 2),
(26, 3, '2018-10-22 08:46:22', '2018-10-22 08:46:22', 1, 1),
(27, 0, '2018-10-22 08:46:28', '2018-10-22 08:46:28', 1, 1),
(28, 2, '2018-10-22 08:46:34', '2018-10-22 08:46:34', 1, 1),
(29, 3, '2018-10-22 08:46:42', '2018-10-22 08:46:42', 1, 1),
(30, 10, '2018-10-22 08:46:55', '2018-10-22 08:46:55', 3, 2),
(31, 3, '2018-10-22 08:47:00', '2018-10-22 08:47:00', 1, 1),
(32, 4, '2018-10-22 08:49:26', '2018-10-22 08:49:26', 1, 1),
(33, 4, '2018-10-22 08:49:32', '2018-10-22 08:49:32', 1, 1),
(34, 1, '2018-10-22 08:50:10', '2018-10-22 08:50:10', 1, 2),
(35, 2, '2018-10-22 08:54:33', '2018-10-22 08:54:33', 1, 1),
(36, 2, '2018-10-22 08:54:37', '2018-10-22 08:54:37', 1, 2),
(37, 16, '2018-10-22 09:02:54', '2018-10-22 09:02:54', 4, 1),
(38, 24, '2018-10-22 09:02:56', '2018-10-22 09:02:56', 5, 2),
(39, 21, '2018-10-22 09:02:58', '2018-10-22 09:02:58', 5, 1),
(40, 2, '2018-10-22 09:03:03', '2018-10-22 09:03:03', 1, 1),
(41, 23, '2018-10-22 09:03:10', '2018-10-22 09:03:10', 5, 1),
(42, 16, '2018-10-22 09:03:19', '2018-10-22 09:03:19', 4, 2),
(43, 2, '2018-10-22 09:03:19', '2018-10-22 09:03:19', 1, 1),
(44, 10, '2018-10-22 09:50:13', '2018-10-22 09:50:13', 3, 1),
(45, 11, '2018-10-22 09:50:21', '2018-10-22 09:50:21', 3, 2),
(46, 11, '2018-10-22 09:50:34', '2018-10-22 09:50:34', 3, 2),
(47, 7, '2018-10-22 09:53:13', '2018-10-22 09:53:13', 2, 1),
(48, 10, '2018-10-22 09:53:17', '2018-10-22 09:53:17', 3, 1),
(49, 4, '2018-10-22 09:53:19', '2018-10-22 09:53:19', 1, 1),
(50, 10, '2018-10-22 09:53:21', '2018-10-22 09:53:21', 3, 1),
(51, 11, '2019-02-15 09:54:02', '2019-02-15 09:54:02', 3, 2),
(52, 11, '2019-02-14 09:54:14', '2019-02-14 09:54:14', 3, 2),
(53, 22, '2018-10-22 10:02:33', '2018-10-22 10:02:33', 5, 1),
(54, 11, '2018-10-22 10:02:35', '2018-10-22 10:02:35', 3, 1),
(55, 23, '2019-02-15 10:02:39', '2019-02-15 10:02:39', 4, 1),
(56, 11, '2019-02-14 10:02:41', '2019-02-14 10:02:41', 3, 1),
(57, 3, '2019-02-15 00:26:09', '2019-02-15 00:26:09', 1, 1),
(58, 0, '2019-02-15 00:27:39', '2019-02-15 00:27:39', 1, 1),
(59, 18, '2019-02-15 00:27:39', '2019-02-15 00:27:39', 4, 2),
(60, 0, '2019-02-15 00:27:42', '2019-02-15 00:27:42', 1, 2),
(61, 9, '2019-02-15 00:27:44', '2019-02-15 00:27:44', 2, 2),
(62, 1, '2019-02-15 00:27:47', '2019-02-15 00:27:47', 1, 2),
(63, 6, '2019-02-15 00:28:02', '2019-02-15 00:28:02', 2, 2),
(64, 3, '2019-02-15 00:28:04', '2019-02-15 00:28:04', 1, 2),
(65, 12, '2019-02-15 00:28:10', '2019-02-15 00:28:10', 3, 1),
(66, 4, '2019-02-15 00:28:12', '2019-02-15 00:28:12', 1, 1),
(67, 2, '2019-02-15 01:25:59', '2019-02-15 01:25:59', 1, 1),
(68, 4, '2019-02-15 01:26:00', '2019-02-15 01:26:00', 1, 2),
(69, 9, '2019-02-15 01:27:26', '2019-02-15 01:27:26', 2, 2),
(70, 0, '2019-02-15 01:27:28', '2019-02-15 01:27:28', 1, 2),
(71, 14, '2019-02-15 01:27:29', '2019-02-15 01:27:29', 3, 1),
(72, 8, '2019-02-15 01:27:30', '2019-02-15 01:27:30', 2, 2),
(73, 3, '2019-02-15 01:27:31', '2019-02-15 01:27:31', 1, 1),
(74, 12, '2019-02-15 01:27:32', '2019-02-15 01:27:32', 3, 2),
(75, 14, '2019-02-15 01:27:33', '2019-02-15 01:27:33', 3, 1),
(76, 19, '2019-02-15 01:27:35', '2019-02-15 01:27:35', 4, 1),
(77, 16, '2019-02-15 01:27:36', '2019-02-15 01:27:36', 4, 2),
(78, 4, '2019-02-15 01:27:52', '2019-02-15 01:27:52', 1, 2),
(79, 4, '2019-02-15 01:27:53', '2019-02-15 01:27:53', 1, 1),
(80, 0, '2019-02-15 01:27:56', '2019-02-15 01:27:56', 1, 2),
(81, 14, '2019-02-15 01:28:41', '2019-02-15 01:28:41', 3, 1),
(82, 8, '2019-02-15 01:28:42', '2019-02-15 01:28:42', 2, 2),
(83, 0, '2019-02-15 01:28:43', '2019-02-15 01:28:43', 1, 1),
(84, 13, '2019-02-15 01:28:45', '2019-02-15 01:28:45', 3, 1),
(85, 12, '2019-02-15 01:28:46', '2019-02-15 01:28:46', 3, 2),
(86, 18, '2019-02-15 01:28:47', '2019-02-15 01:28:47', 4, 1),
(87, 19, '2019-02-15 01:28:48', '2019-02-15 01:28:48', 4, 2),
(88, 23, '2019-02-15 01:29:32', '2019-02-15 01:29:32', 5, 1),
(89, 20, '2019-02-15 01:29:53', '2019-02-15 01:29:53', 5, 2),
(90, 25, '2019-02-15 01:30:10', '2019-02-15 01:30:10', 6, 1),
(91, 30, '2019-02-15 01:30:19', '2019-02-15 01:30:19', 6, 2),
(92, 0, '2019-02-15 01:30:19', '2019-02-15 01:30:19', 1, 1),
(93, 3, '2019-02-15 01:30:19', '2019-02-15 01:30:19', 1, 2),
(94, 17, '2019-02-15 01:30:19', '2019-02-15 01:30:19', 4, 1),
(95, 13, '2019-02-15 01:30:20', '2019-02-15 01:30:20', 3, 1),
(96, 8, '2019-02-15 01:30:20', '2019-02-15 01:30:20', 2, 1),
(97, 3, '2019-02-15 01:30:20', '2019-02-15 01:30:20', 1, 1),
(98, 8, '2019-02-15 01:30:20', '2019-02-15 01:30:20', 2, 1),
(99, 4, '2019-02-15 01:30:20', '2019-02-15 01:30:20', 1, 1),
(100, 5, '2019-02-15 01:30:21', '2019-02-15 01:30:21', 2, 2),
(101, 2, '2019-02-15 01:30:21', '2019-02-15 01:30:21', 1, 2),
(102, 7, '2019-02-15 01:30:21', '2019-02-15 01:30:21', 2, 2),
(103, 2, '2019-02-15 01:30:21', '2019-02-15 01:30:21', 1, 2),
(104, 8, '2019-02-15 01:30:21', '2019-02-15 01:30:21', 2, 2),
(105, 1, '2019-02-15 01:30:22', '2019-02-15 01:30:22', 1, 2),
(106, 19, '2019-02-15 01:42:39', '2019-02-15 01:42:39', 4, 2),
(107, 4, '2019-02-15 01:42:43', '2019-02-15 01:42:43', 1, 2),
(108, 2, '2019-02-15 03:17:31', '2019-02-15 03:17:31', 1, 1),
(109, 0, '2019-02-15 03:17:32', '2019-02-15 03:17:32', 1, 2),
(110, 2, '2019-02-15 04:30:15', '2019-02-15 04:30:15', 1, 1),
(111, 9, '2019-02-15 04:30:25', '2019-02-15 04:30:25', 2, 2),
(112, 14, '2019-02-15 04:30:30', '2019-02-15 04:30:30', 3, 1),
(113, 12, '2019-02-15 04:30:33', '2019-02-15 04:30:33', 3, 2),
(114, 9, '2019-02-15 04:30:34', '2019-02-15 04:30:34', 2, 1),
(115, 0, '2019-02-15 04:30:38', '2019-02-15 04:30:38', 1, 1),
(116, 3, '2019-02-15 04:30:39', '2019-02-15 04:30:39', 1, 2),
(117, 7, '2019-02-15 04:30:40', '2019-02-15 04:30:40', 2, 1),
(118, 7, '2019-02-15 04:30:51', '2019-02-15 04:30:51', 2, 2),
(119, 13, '2019-02-15 04:30:52', '2019-02-15 04:30:52', 3, 1),
(120, 14, '2019-02-15 04:30:53', '2019-02-15 04:30:53', 3, 2),
(121, 17, '2019-02-15 04:30:56', '2019-02-15 04:30:56', 4, 1),
(122, 15, '2019-02-15 04:30:57', '2019-02-15 04:30:57', 4, 2),
(123, 18, '2019-02-15 04:31:25', '2019-02-15 04:31:25', 4, 2),
(124, 16, '2019-02-15 04:31:25', '2019-02-15 04:31:25', 4, 1),
(125, 4, '2019-02-15 04:39:35', '2019-02-15 04:39:35', 1, 1),
(126, 0, '2019-02-15 04:39:37', '2019-02-15 04:39:37', 1, 2),
(127, 8, '2019-02-15 04:39:39', '2019-02-15 04:39:39', 2, 2),
(128, 0, '2019-02-15 04:39:41', '2019-02-15 04:39:41', 1, 2),
(129, 8, '2019-02-15 04:39:43', '2019-02-15 04:39:43', 2, 2),
(130, 5, '2019-02-15 04:39:43', '2019-02-15 04:39:43', 2, 1),
(131, 14, '2019-02-15 04:39:45', '2019-02-15 04:39:45', 3, 2),
(132, 14, '2019-02-15 04:39:45', '2019-02-15 04:39:45', 3, 1),
(133, 18, '2019-02-15 04:39:47', '2019-02-15 04:39:47', 4, 1),
(134, 15, '2019-02-15 04:39:49', '2019-02-15 04:39:49', 4, 2),
(135, 12, '2019-02-15 04:39:59', '2019-02-15 04:39:59', 3, 1),
(136, 5, '2019-02-15 04:40:01', '2019-02-15 04:40:01', 2, 2),
(137, 6, '2019-02-15 04:40:01', '2019-02-15 04:40:01', 2, 1),
(138, 2, '2019-02-15 04:40:34', '2019-02-15 04:40:34', 1, 1),
(139, 3, '2019-02-15 04:40:39', '2019-02-15 04:40:39', 1, 2),
(140, 2, '2019-02-16 06:31:50', '2019-02-16 06:31:50', 1, 1),
(141, 15, '2019-02-16 06:32:08', '2019-02-16 06:32:08', 4, 1),
(142, 0, '2019-02-16 06:32:12', '2019-02-16 06:32:12', 1, 1),
(143, 4, '2019-02-16 06:32:39', '2019-02-16 06:32:39', 1, 1),
(144, 9, '2019-02-16 06:32:40', '2019-02-16 06:32:40', 2, 1),
(145, 1, '2019-02-16 06:32:42', '2019-02-16 06:32:42', 1, 1),
(146, 9, '2019-02-16 06:35:37', '2019-02-16 06:35:37', 2, 1),
(147, 22, '2019-02-16 06:36:14', '2019-02-16 06:36:14', 5, 1),
(148, 3, '2019-02-16 06:36:16', '2019-02-16 06:36:16', 1, 1),
(149, 15, '2019-02-16 06:36:16', '2019-02-16 06:36:16', 4, 2),
(150, 8, '2019-02-16 06:36:18', '2019-02-16 06:36:18', 2, 1),
(151, 3, '2019-02-16 06:36:20', '2019-02-16 06:36:20', 1, 1),
(152, 2, '2019-02-16 06:36:20', '2019-02-16 06:36:20', 1, 2),
(153, 5, '2019-02-16 06:36:34', '2019-02-16 06:36:34', 2, 1),
(154, 1, '2019-02-16 06:36:36', '2019-02-16 06:36:36', 1, 1),
(155, 9, '2019-02-16 06:36:52', '2019-02-16 06:36:52', 2, 1),
(156, 3, '2019-02-16 06:36:54', '2019-02-16 06:36:54', 1, 1),
(157, 5, '2019-02-16 06:36:58', '2019-02-16 06:36:58', 2, 1),
(158, 0, '2019-02-16 06:37:02', '2019-02-16 06:37:02', 1, 1),
(159, 9, '2019-02-16 06:37:08', '2019-02-16 06:37:08', 2, 1),
(160, 1, '2019-02-16 06:37:10', '2019-02-16 06:37:10', 1, 1),
(161, 10, '2019-02-16 06:37:11', '2019-02-16 06:37:11', 3, 2),
(162, 6, '2019-02-16 06:37:18', '2019-02-16 06:37:18', 2, 1),
(163, 3, '2019-02-16 06:37:19', '2019-02-16 06:37:19', 1, 2),
(164, 4, '2019-02-16 06:37:24', '2019-02-16 06:37:24', 1, 1),
(165, 7, '2019-02-16 06:37:28', '2019-02-16 06:37:28', 2, 1),
(166, 1, '2019-02-16 06:37:32', '2019-02-16 06:37:32', 1, 1),
(167, 14, '2019-02-16 06:37:34', '2019-02-16 06:37:34', 3, 1),
(168, 6, '2019-02-16 06:37:36', '2019-02-16 06:37:36', 2, 1),
(169, 4, '2019-02-16 06:37:38', '2019-02-16 06:37:38', 1, 1),
(170, 7, '2019-02-16 06:37:44', '2019-02-16 06:37:44', 2, 1),
(171, 4, '2019-02-16 06:37:46', '2019-02-16 06:37:46', 1, 1),
(172, 7, '2019-02-16 06:37:56', '2019-02-16 06:37:56', 2, 1),
(173, 4, '2019-02-16 06:38:00', '2019-02-16 06:38:00', 1, 1),
(174, 6, '2019-02-16 06:38:04', '2019-02-16 06:38:04', 2, 1),
(175, 0, '2019-02-16 06:38:06', '2019-02-16 06:38:06', 1, 1),
(176, 13, '2019-02-16 06:38:16', '2019-02-16 06:38:16', 3, 1),
(177, 1, '2019-02-16 06:38:18', '2019-02-16 06:38:18', 1, 1),
(178, 6, '2019-02-16 06:38:20', '2019-02-16 06:38:20', 2, 1),
(179, 2, '2019-02-16 06:38:22', '2019-02-16 06:38:22', 1, 1),
(180, 5, '2019-02-16 06:38:24', '2019-02-16 06:38:24', 2, 1),
(181, 1, '2019-02-16 06:38:28', '2019-02-16 06:38:28', 1, 1),
(182, 8, '2019-02-16 06:38:30', '2019-02-16 06:38:30', 2, 1),
(183, 2, '2019-02-16 06:38:40', '2019-02-16 06:38:40', 1, 1),
(184, 6, '2019-02-16 06:38:42', '2019-02-16 06:38:42', 2, 1),
(185, 1, '2019-02-16 06:38:44', '2019-02-16 06:38:44', 1, 1),
(186, 6, '2019-02-16 06:38:48', '2019-02-16 06:38:48', 2, 1),
(187, 4, '2019-02-16 06:38:50', '2019-02-16 06:38:50', 1, 1),
(188, 7, '2019-02-16 06:39:40', '2019-02-16 06:39:40', 2, 1),
(189, 2, '2019-02-16 06:39:42', '2019-02-16 06:39:42', 1, 1),
(190, 8, '2019-02-16 06:40:18', '2019-02-16 06:40:18', 2, 1),
(191, 1, '2019-02-16 06:40:20', '2019-02-16 06:40:20', 1, 1),
(192, 6, '2019-02-16 06:40:22', '2019-02-16 06:40:22', 2, 1),
(193, 0, '2019-02-16 06:40:24', '2019-02-16 06:40:24', 1, 1),
(194, 12, '2019-02-16 06:40:30', '2019-02-16 06:40:30', 3, 1),
(195, 0, '2019-02-16 06:40:32', '2019-02-16 06:40:32', 1, 1),
(196, 9, '2019-02-16 06:40:41', '2019-02-16 06:40:41', 2, 1),
(197, 2, '2019-02-16 06:40:43', '2019-02-16 06:40:43', 1, 1),
(198, 6, '2019-02-16 06:40:49', '2019-02-16 06:40:49', 2, 1),
(199, 2, '2019-02-16 06:40:51', '2019-02-16 06:40:51', 1, 1),
(200, 8, '2019-02-16 06:41:07', '2019-02-16 06:41:07', 2, 1),
(201, 4, '2019-02-16 06:41:11', '2019-02-16 06:41:11', 1, 1),
(202, 8, '2019-02-16 06:41:15', '2019-02-16 06:41:15', 2, 1),
(203, 4, '2019-02-16 06:41:17', '2019-02-16 06:41:17', 1, 1),
(204, 6, '2019-02-16 06:41:19', '2019-02-16 06:41:19', 2, 1),
(205, 1, '2019-02-16 06:41:25', '2019-02-16 06:41:25', 1, 1),
(206, 7, '2019-02-16 06:41:27', '2019-02-16 06:41:27', 2, 1),
(207, 3, '2019-02-16 06:41:29', '2019-02-16 06:41:29', 1, 1),
(208, 6, '2019-02-16 06:41:37', '2019-02-16 06:41:37', 2, 1),
(209, 0, '2019-02-16 06:41:41', '2019-02-16 06:41:41', 1, 1),
(210, 8, '2019-02-16 06:41:47', '2019-02-16 06:41:47', 2, 1),
(211, 1, '2019-02-16 06:41:51', '2019-02-16 06:41:51', 1, 1),
(212, 5, '2019-02-16 06:41:59', '2019-02-16 06:41:59', 2, 1),
(213, 4, '2019-02-16 06:42:03', '2019-02-16 06:42:03', 1, 1),
(214, 5, '2019-02-16 06:42:05', '2019-02-16 06:42:05', 2, 1),
(215, 3, '2019-02-16 06:42:07', '2019-02-16 06:42:07', 1, 1),
(216, 7, '2019-02-16 06:42:09', '2019-02-16 06:42:09', 2, 1),
(217, 4, '2019-02-16 06:42:11', '2019-02-16 06:42:11', 1, 1),
(218, 7, '2019-02-16 06:42:17', '2019-02-16 06:42:17', 2, 1),
(219, 3, '2019-02-16 06:42:23', '2019-02-16 06:42:23', 1, 1),
(220, 6, '2019-02-16 06:42:37', '2019-02-16 06:42:37', 2, 1),
(221, 2, '2019-02-16 06:42:39', '2019-02-16 06:42:39', 1, 1),
(222, 9, '2019-02-16 06:42:57', '2019-02-16 06:42:57', 2, 1),
(223, 4, '2019-02-16 06:42:59', '2019-02-16 06:42:59', 1, 1),
(224, 8, '2019-02-16 06:43:43', '2019-02-16 06:43:43', 2, 1),
(225, 3, '2019-02-16 06:43:45', '2019-02-16 06:43:45', 1, 1),
(226, 9, '2019-02-16 06:43:59', '2019-02-16 06:43:59', 2, 1),
(227, 3, '2019-02-16 06:44:01', '2019-02-16 06:44:01', 1, 1),
(228, 5, '2019-02-16 06:44:09', '2019-02-16 06:44:09', 2, 1),
(229, 3, '2019-02-16 06:44:11', '2019-02-16 06:44:11', 1, 1),
(230, 9, '2019-02-16 06:44:41', '2019-02-16 06:44:41', 2, 1),
(231, 0, '2019-02-16 06:44:47', '2019-02-16 06:44:47', 1, 1),
(232, 9, '2019-02-16 06:45:13', '2019-02-16 06:45:13', 2, 1),
(233, 2, '2019-02-16 06:45:45', '2019-02-16 06:45:45', 1, 1),
(234, 9, '2019-02-16 06:45:55', '2019-02-16 06:45:55', 2, 1),
(235, 3, '2019-02-16 06:45:57', '2019-02-16 06:45:57', 1, 1),
(236, 9, '2019-02-16 06:46:23', '2019-02-16 06:46:23', 2, 1),
(237, 1, '2019-02-16 06:46:27', '2019-02-16 06:46:27', 1, 1),
(238, 7, '2019-02-16 06:46:33', '2019-02-16 06:46:33', 2, 1),
(239, 1, '2019-02-16 06:46:35', '2019-02-16 06:46:35', 1, 1),
(240, 5, '2019-02-16 06:46:47', '2019-02-16 06:46:47', 2, 1),
(241, 1, '2019-02-16 06:47:13', '2019-02-16 06:47:13', 1, 1),
(242, 9, '2019-02-16 06:48:02', '2019-02-16 06:48:02', 2, 1),
(243, 3, '2019-02-16 06:48:14', '2019-02-16 06:48:14', 1, 1),
(244, 13, '2019-02-16 06:48:16', '2019-02-16 06:48:16', 3, 1),
(245, 5, '2019-02-16 06:48:18', '2019-02-16 06:48:18', 2, 1),
(246, 10, '2019-02-16 06:48:40', '2019-02-16 06:48:40', 3, 1),
(247, 7, '2019-02-16 06:48:42', '2019-02-16 06:48:42', 2, 1),
(248, 13, '2019-02-16 06:48:50', '2019-02-16 06:48:50', 3, 1),
(249, 8, '2019-02-16 06:48:52', '2019-02-16 06:48:52', 2, 1),
(250, 11, '2019-02-16 06:48:56', '2019-02-16 06:48:56', 3, 1),
(251, 8, '2019-02-16 06:49:08', '2019-02-16 06:49:08', 2, 1),
(252, 13, '2019-02-16 06:49:10', '2019-02-16 06:49:10', 3, 1),
(253, 8, '2019-02-16 06:49:12', '2019-02-16 06:49:12', 2, 1),
(254, 0, '2019-02-16 06:49:26', '2019-02-16 06:49:26', 1, 1),
(255, 8, '2019-02-16 06:49:36', '2019-02-16 06:49:36', 2, 1),
(256, 0, '2019-02-16 06:49:38', '2019-02-16 06:49:38', 1, 1),
(257, 7, '2019-02-16 06:49:50', '2019-02-16 06:49:50', 2, 1),
(258, 4, '2019-02-16 06:49:52', '2019-02-16 06:49:52', 1, 1),
(259, 8, '2019-02-16 06:49:56', '2019-02-16 06:49:56', 2, 1),
(260, 3, '2019-02-16 06:49:58', '2019-02-16 06:49:58', 1, 1),
(261, 5, '2019-02-16 06:50:18', '2019-02-16 06:50:18', 2, 1),
(262, 4, '2019-02-16 06:50:20', '2019-02-16 06:50:20', 1, 1),
(263, 5, '2019-02-16 06:50:22', '2019-02-16 06:50:22', 2, 1),
(264, 1, '2019-02-16 06:50:24', '2019-02-16 06:50:24', 1, 1),
(265, 7, '2019-02-16 06:50:28', '2019-02-16 06:50:28', 2, 1),
(266, 0, '2019-02-16 06:50:30', '2019-02-16 06:50:30', 1, 1),
(267, 9, '2019-02-16 06:50:34', '2019-02-16 06:50:34', 2, 1),
(268, 0, '2019-02-16 06:50:36', '2019-02-16 06:50:36', 1, 1),
(269, 6, '2019-02-16 06:50:58', '2019-02-16 06:50:58', 2, 1),
(270, 2, '2019-02-16 06:51:12', '2019-02-16 06:51:12', 1, 1),
(271, 8, '2019-02-16 06:51:14', '2019-02-16 06:51:14', 2, 1),
(272, 2, '2019-02-16 06:51:22', '2019-02-16 06:51:22', 1, 1),
(273, 8, '2019-02-16 06:51:30', '2019-02-16 06:51:30', 2, 1),
(274, 4, '2019-02-16 06:53:09', '2019-02-16 06:53:09', 1, 1),
(275, 5, '2019-02-16 06:53:09', '2019-02-16 06:53:09', 2, 1),
(276, 0, '2019-02-16 06:53:09', '2019-02-16 06:53:09', 1, 1),
(277, 9, '2019-02-16 06:53:10', '2019-02-16 06:53:10', 2, 1),
(278, 1, '2019-02-16 06:53:10', '2019-02-16 06:53:10', 1, 1),
(279, 8, '2019-02-16 06:53:10', '2019-02-16 06:53:10', 2, 2),
(280, 11, '2019-02-16 06:53:12', '2019-02-16 06:53:12', 3, 2),
(281, 10, '2019-02-16 06:54:41', '2019-02-16 06:54:41', 3, 1),
(282, 8, '2019-02-16 06:54:45', '2019-02-16 06:54:45', 2, 1),
(283, 14, '2019-02-16 06:54:47', '2019-02-16 06:54:47', 3, 1),
(284, 9, '2019-02-16 06:54:49', '2019-02-16 06:54:49', 2, 1),
(285, 14, '2019-02-16 06:54:51', '2019-02-16 06:54:51', 3, 1),
(286, 9, '2019-02-16 06:54:53', '2019-02-16 06:54:53', 2, 1),
(287, 3, '2019-02-16 06:54:59', '2019-02-16 06:54:59', 1, 1),
(288, 8, '2019-02-16 06:55:05', '2019-02-16 06:55:05', 2, 1),
(289, 4, '2019-02-16 06:55:07', '2019-02-16 06:55:07', 1, 1),
(290, 5, '2019-02-16 06:55:09', '2019-02-16 06:55:09', 2, 1),
(291, 0, '2019-02-16 06:55:11', '2019-02-16 06:55:11', 1, 1),
(292, 9, '2019-02-16 06:55:13', '2019-02-16 06:55:13', 2, 1),
(293, 2, '2019-02-16 06:55:23', '2019-02-16 06:55:23', 1, 1),
(294, 7, '2019-02-16 06:55:25', '2019-02-16 06:55:25', 2, 1),
(295, 2, '2019-02-16 06:55:55', '2019-02-16 06:55:55', 1, 1),
(296, 5, '2019-02-16 06:56:13', '2019-02-16 06:56:13', 2, 1),
(297, 2, '2019-02-16 06:56:15', '2019-02-16 06:56:15', 1, 1),
(298, 6, '2019-02-16 06:56:17', '2019-02-16 06:56:17', 2, 1),
(299, 2, '2019-02-16 06:56:21', '2019-02-16 06:56:21', 1, 1),
(300, 6, '2019-02-16 06:56:25', '2019-02-16 06:56:25', 2, 1),
(301, 1, '2019-02-16 06:56:31', '2019-02-16 06:56:31', 1, 1),
(302, 9, '2019-02-16 06:56:33', '2019-02-16 06:56:33', 2, 1),
(303, 0, '2019-02-16 06:56:41', '2019-02-16 06:56:41', 1, 1),
(304, 6, '2019-02-16 06:56:43', '2019-02-16 06:56:43', 2, 1),
(305, 3, '2019-02-16 06:56:45', '2019-02-16 06:56:45', 1, 1),
(306, 7, '2019-02-16 06:56:59', '2019-02-16 06:56:59', 2, 1),
(307, 2, '2019-02-16 06:57:03', '2019-02-16 06:57:03', 1, 1),
(308, 6, '2019-02-16 06:57:11', '2019-02-16 06:57:11', 2, 1),
(309, 3, '2019-02-16 06:57:31', '2019-02-16 06:57:31', 1, 1),
(310, 6, '2019-02-16 06:57:37', '2019-02-16 06:57:37', 2, 1),
(311, 1, '2019-02-16 06:57:39', '2019-02-16 06:57:39', 1, 1),
(312, 8, '2019-02-16 06:57:41', '2019-02-16 06:57:41', 2, 1),
(313, 4, '2019-02-16 06:57:49', '2019-02-16 06:57:49', 1, 1),
(314, 7, '2019-02-16 06:58:11', '2019-02-16 06:58:11', 2, 1),
(315, 4, '2019-02-16 06:59:09', '2019-02-16 06:59:09', 1, 1),
(316, 7, '2019-02-16 06:59:15', '2019-02-16 06:59:15', 2, 1),
(317, 2, '2019-02-16 06:59:17', '2019-02-16 06:59:17', 1, 1),
(318, 6, '2019-02-16 06:59:31', '2019-02-16 06:59:31', 2, 1),
(319, 3, '2019-02-16 06:59:43', '2019-02-16 06:59:43', 1, 1),
(320, 6, '2019-02-16 06:59:47', '2019-02-16 06:59:47', 2, 1),
(321, 2, '2019-02-16 06:59:51', '2019-02-16 06:59:51', 1, 1),
(322, 7, '2019-02-16 07:00:01', '2019-02-16 07:00:01', 2, 1),
(323, 11, '2019-02-16 07:00:15', '2019-02-16 07:00:15', 3, 1),
(324, 7, '2019-02-16 07:00:17', '2019-02-16 07:00:17', 2, 1),
(325, 0, '2019-02-16 07:00:21', '2019-02-16 07:00:21', 1, 1),
(326, 7, '2019-02-16 07:00:25', '2019-02-16 07:00:25', 2, 1),
(327, 0, '2019-02-16 07:00:41', '2019-02-16 07:00:41', 1, 1),
(328, 7, '2019-02-16 07:00:43', '2019-02-16 07:00:43', 2, 1),
(329, 0, '2019-02-16 07:00:45', '2019-02-16 07:00:45', 1, 1),
(330, 5, '2019-02-16 07:01:11', '2019-02-16 07:01:11', 2, 1),
(331, 4, '2019-02-16 07:01:13', '2019-02-16 07:01:13', 1, 1),
(332, 9, '2019-02-16 07:01:15', '2019-02-16 07:01:15', 2, 1),
(333, 4, '2019-02-16 07:02:52', '2019-02-16 07:02:52', 1, 1),
(334, 6, '2019-02-16 07:02:53', '2019-02-16 07:02:53', 2, 1),
(335, 0, '2019-02-16 07:03:22', '2019-02-16 07:03:22', 1, 1),
(336, 7, '2019-02-16 07:03:24', '2019-02-16 07:03:24', 2, 1),
(337, 4, '2019-02-16 07:03:28', '2019-02-16 07:03:28', 1, 1),
(338, 6, '2019-02-16 07:03:30', '2019-02-16 07:03:30', 2, 1),
(339, 2, '2019-02-16 07:04:06', '2019-02-16 07:04:06', 1, 1),
(340, 7, '2019-02-16 07:04:08', '2019-02-16 07:04:08', 2, 1),
(341, 4, '2019-02-16 07:04:16', '2019-02-16 07:04:16', 1, 1),
(342, 6, '2019-02-16 07:04:18', '2019-02-16 07:04:18', 2, 1),
(343, 4, '2019-02-16 07:04:28', '2019-02-16 07:04:28', 1, 1),
(344, 9, '2019-02-16 07:04:32', '2019-02-16 07:04:32', 2, 1),
(345, 0, '2019-02-16 07:04:34', '2019-02-16 07:04:34', 1, 1),
(346, 6, '2019-02-16 07:04:36', '2019-02-16 07:04:36', 2, 1),
(347, 2, '2019-02-16 07:04:38', '2019-02-16 07:04:38', 1, 1),
(348, 7, '2019-02-16 07:04:46', '2019-02-16 07:04:46', 2, 1),
(349, 1, '2019-02-16 07:05:02', '2019-02-16 07:05:02', 1, 1),
(350, 7, '2019-02-16 07:05:04', '2019-02-16 07:05:04', 2, 1),
(351, 10, '2019-02-16 07:05:24', '2019-02-16 07:05:24', 3, 1),
(352, 5, '2019-02-16 07:05:24', '2019-02-16 07:05:24', 2, 2),
(353, 6, '2019-02-16 07:05:26', '2019-02-16 07:05:26', 2, 1),
(354, 3, '2019-02-16 07:05:26', '2019-02-16 07:05:26', 1, 2),
(355, 9, '2019-02-16 07:05:46', '2019-02-16 07:05:46', 2, 2),
(356, 3, '2019-02-16 07:05:47', '2019-02-16 07:05:47', 1, 2),
(357, 8, '2019-02-16 07:05:49', '2019-02-16 07:05:49', 2, 2),
(358, 4, '2019-02-16 07:05:51', '2019-02-16 07:05:51', 1, 2),
(359, 14, '2019-02-16 07:07:14', '2019-02-16 07:07:14', 3, 1),
(360, 8, '2019-02-16 07:07:16', '2019-02-16 07:07:16', 2, 1),
(361, 10, '2019-02-16 07:07:36', '2019-02-16 07:07:36', 3, 1),
(362, 6, '2019-02-16 07:07:38', '2019-02-16 07:07:38', 2, 1),
(363, 11, '2019-02-16 07:07:44', '2019-02-16 07:07:44', 3, 1),
(364, 5, '2019-02-16 07:07:50', '2019-02-16 07:07:50', 2, 1),
(365, 5, '2019-02-16 07:08:27', '2019-02-16 07:08:27', 2, 2),
(366, 2, '2019-02-16 07:08:39', '2019-02-16 07:08:39', 1, 2),
(367, 9, '2019-02-16 07:08:41', '2019-02-16 07:08:41', 2, 2),
(368, 1, '2019-02-16 07:08:45', '2019-02-16 07:08:45', 1, 2),
(369, 5, '2019-02-16 07:08:51', '2019-02-16 07:08:51', 2, 2),
(370, 11, '2019-02-16 07:08:52', '2019-02-16 07:08:52', 3, 1),
(371, 4, '2019-02-16 07:08:53', '2019-02-16 07:08:53', 1, 2),
(372, 7, '2019-02-16 07:08:54', '2019-02-16 07:08:54', 2, 1),
(373, 11, '2019-02-16 07:08:56', '2019-02-16 07:08:56', 3, 1),
(374, 7, '2019-02-16 07:09:02', '2019-02-16 07:09:02', 2, 1),
(375, 13, '2019-02-16 07:09:04', '2019-02-16 07:09:04', 3, 1),
(376, 6, '2019-02-16 07:09:06', '2019-02-16 07:09:06', 2, 1),
(377, 12, '2019-02-16 07:09:12', '2019-02-16 07:09:12', 3, 1),
(378, 7, '2019-02-16 07:09:15', '2019-02-16 07:09:15', 2, 2),
(379, 6, '2019-02-16 07:09:18', '2019-02-16 07:09:18', 2, 1),
(380, 3, '2019-02-16 07:09:21', '2019-02-16 07:09:21', 1, 2),
(381, 13, '2019-02-16 07:09:30', '2019-02-16 07:09:30', 3, 1),
(382, 5, '2019-02-16 07:09:32', '2019-02-16 07:09:32', 2, 1),
(383, 5, '2019-02-16 07:09:35', '2019-02-16 07:09:35', 2, 2),
(384, 10, '2019-02-16 07:09:38', '2019-02-16 07:09:38', 3, 1),
(385, 6, '2019-02-16 07:09:40', '2019-02-16 07:09:40', 2, 1),
(386, 0, '2019-02-16 07:09:50', '2019-02-16 07:09:50', 1, 2),
(387, 6, '2019-02-16 07:09:50', '2019-02-16 07:09:50', 2, 2),
(388, 1, '2019-02-16 07:09:51', '2019-02-16 07:09:51', 1, 2);

-- --------------------------------------------------------

--
-- Table structure for table `migrations`
--

CREATE TABLE `migrations` (
  `id` int(10) UNSIGNED NOT NULL,
  `migration` varchar(191) COLLATE utf8mb4_unicode_ci NOT NULL,
  `batch` int(11) NOT NULL
) ENGINE=InnoDB DEFAULT CHARSET=utf8mb4 COLLATE=utf8mb4_unicode_ci;

--
-- Dumping data for table `migrations`
--

INSERT INTO `migrations` (`id`, `migration`, `batch`) VALUES
(1, '2014_10_12_000000_create_users_table', 1),
(2, '2014_10_12_100000_create_password_resets_table', 1),
(3, '2018_10_02_082836_create_contacts_table', 1),
(4, '2018_10_02_223555_create_levels_table', 1),
(5, '2018_10_14_021337_create_sents_table', 2),
(6, '2018_10_20_234648_add_zone_to_levels', 3),
(7, '2018_10_21_101703_create_area_table', 3),
(8, '2018_10_21_101927_add_area_id_to_contacts', 3),
(9, '2018_10_21_102033_add_area_id_to_levels', 3);

-- --------------------------------------------------------

--
-- Table structure for table `password_resets`
--

CREATE TABLE `password_resets` (
  `email` varchar(191) COLLATE utf8mb4_unicode_ci NOT NULL,
  `token` varchar(191) COLLATE utf8mb4_unicode_ci NOT NULL,
  `created_at` timestamp NULL DEFAULT NULL
) ENGINE=InnoDB DEFAULT CHARSET=utf8mb4 COLLATE=utf8mb4_unicode_ci;

-- --------------------------------------------------------

--
-- Table structure for table `sents`
--

CREATE TABLE `sents` (
  `id` int(10) UNSIGNED NOT NULL,
  `contact_id` int(11) NOT NULL,
  `message` varchar(191) COLLATE utf8mb4_unicode_ci DEFAULT NULL,
  `created_at` timestamp NULL DEFAULT NULL,
  `updated_at` timestamp NULL DEFAULT NULL
) ENGINE=InnoDB DEFAULT CHARSET=utf8mb4 COLLATE=utf8mb4_unicode_ci;

--
-- Dumping data for table `sents`
--

INSERT INTO `sents` (`id`, `contact_id`, `message`, `created_at`, `updated_at`) VALUES
(157, 3, 'Pahibalo gkan sa Barangay Kamayaan , ang tubig nagasaka na sa delikado nga lebel', '2018-10-17 04:28:16', '2018-10-17 04:28:16'),
(158, 4, 'Pahibalo gkan sa Barangay Kamayaan , ang tubig nagasaka na sa delikado nga lebel', '2018-10-17 04:28:16', '2018-10-17 04:28:16'),
(161, 3, 'Pahibalo gkan sa Barangay Kamayaan , ang tubig nagasaka na sa delikado nga lebel', '2018-10-17 04:28:28', '2018-10-17 04:28:28'),
(162, 4, 'Pahibalo gkan sa Barangay Kamayaan , ang tubig nagasaka na sa delikado nga lebel', '2018-10-17 04:28:28', '2018-10-17 04:28:28'),
(165, 3, 'Pahibalo gkan sa Barangay Kamayaan , giawhag ang tanan sa pagdung sa evacuation center', '2018-10-17 04:30:37', '2018-10-17 04:30:37'),
(166, 4, 'Pahibalo gkan sa Barangay Kamayaan , giawhag ang tanan sa pagdung sa evacuation center', '2018-10-17 04:30:37', '2018-10-17 04:30:37'),
(169, 3, 'Pahibalo gkan sa Barangay Kamayaan , tawagi kining numero para sa tabang 09463656784', '2018-10-17 04:30:49', '2018-10-17 04:30:49'),
(170, 4, 'Pahibalo gkan sa Barangay Kamayaan , tawagi kining numero para sa tabang 09463656784', '2018-10-17 04:30:49', '2018-10-17 04:30:49'),
(173, 3, 'Pahibalo gkan sa Barangay Kamayaan , giawhag ang tanan sa pagdung sa evacuation center', '2018-10-17 04:31:07', '2018-10-17 04:31:07'),
(174, 4, 'Pahibalo gkan sa Barangay Kamayaan , giawhag ang tanan sa pagdung sa evacuation center', '2018-10-17 04:31:07', '2018-10-17 04:31:07'),
(177, 3, 'Pahibalo gkan sa Barangay Kamayaan , ang tubig nagasaka na sa delikado nga lebel', '2018-10-17 04:31:19', '2018-10-17 04:31:19'),
(178, 4, 'Pahibalo gkan sa Barangay Kamayaan , ang tubig nagasaka na sa delikado nga lebel', '2018-10-17 04:31:19', '2018-10-17 04:31:19'),
(181, 3, 'Pahibalo gkan sa Barangay Kamayaan , ang tubig nagasaka na sa delikado nga lebel', '2018-10-17 04:31:27', '2018-10-17 04:31:27'),
(182, 4, 'Pahibalo gkan sa Barangay Kamayaan , ang tubig nagasaka na sa delikado nga lebel', '2018-10-17 04:31:27', '2018-10-17 04:31:27'),
(185, 3, 'Pahibalo gkan sa Barangay Kamayaan , giawhag ang tanan sa pagdung sa evacuation center', '2018-10-17 04:32:59', '2018-10-17 04:32:59'),
(186, 4, 'Pahibalo gkan sa Barangay Kamayaan , giawhag ang tanan sa pagdung sa evacuation center', '2018-10-17 04:32:59', '2018-10-17 04:32:59'),
(189, 3, 'Pahibalo gkan sa Barangay Kamayaan , tawagi kining numero para sa tabang 09463656784', '2018-10-17 04:33:03', '2018-10-17 04:33:03'),
(190, 4, 'Pahibalo gkan sa Barangay Kamayaan , tawagi kining numero para sa tabang 09463656784', '2018-10-17 04:33:03', '2018-10-17 04:33:03'),
(193, 3, 'Pahibalo gkan sa Barangay Kamayaan , giawhag ang tanan sa pagdung sa evacuation center', '2018-10-17 04:33:23', '2018-10-17 04:33:23'),
(194, 4, 'Pahibalo gkan sa Barangay Kamayaan , giawhag ang tanan sa pagdung sa evacuation center', '2018-10-17 04:33:23', '2018-10-17 04:33:23'),
(197, 3, 'Pahibalo gkan sa Barangay Kamayaan , ang tubig nagasaka na sa delikado nga lebel', '2018-10-17 04:33:27', '2018-10-17 04:33:27'),
(198, 4, 'Pahibalo gkan sa Barangay Kamayaan , ang tubig nagasaka na sa delikado nga lebel', '2018-10-17 04:33:27', '2018-10-17 04:33:27'),
(201, 3, 'Pahibalo gkan sa Barangay Kamayaan tawagi kining numero para sa tabang 09463656784', '2018-10-17 04:37:52', '2018-10-17 04:37:52'),
(202, 4, 'Pahibalo gkan sa Barangay Kamayaan tawagi kining numero para sa tabang 09463656784', '2018-10-17 04:37:52', '2018-10-17 04:37:52'),
(205, 3, 'Pahibalo gkan sa Barangay Kamayaan giawhag ang tanan sa pagdung sa evacuation center', '2018-10-17 04:38:04', '2018-10-17 04:38:04'),
(206, 4, 'Pahibalo gkan sa Barangay Kamayaan giawhag ang tanan sa pagdung sa evacuation center', '2018-10-17 04:38:04', '2018-10-17 04:38:04'),
(209, 3, 'Pahibalo gkan sa Barangay Kamayaan ang tubig nagasaka na sa delikado nga lebel', '2018-10-17 04:38:16', '2018-10-17 04:38:16'),
(210, 4, 'Pahibalo gkan sa Barangay Kamayaan ang tubig nagasaka na sa delikado nga lebel', '2018-10-17 04:38:16', '2018-10-17 04:38:16'),
(213, 3, 'Pahibalo gkan sa Barangay Kamayaan ang tubig nagasaka na sa delikado nga lebel', '2018-10-17 04:39:08', '2018-10-17 04:39:08'),
(214, 4, 'Pahibalo gkan sa Barangay Kamayaan ang tubig nagasaka na sa delikado nga lebel', '2018-10-17 04:39:08', '2018-10-17 04:39:08'),
(217, 3, 'Pahibalo gkan sa Barangay Kamayaan ang tubig nagasaka na sa delikado nga lebel', '2018-10-17 04:42:18', '2018-10-17 04:42:18'),
(218, 4, 'Pahibalo gkan sa Barangay Kamayaan ang tubig nagasaka na sa delikado nga lebel', '2018-10-17 04:42:18', '2018-10-17 04:42:18'),
(221, 3, 'Pahibalo gkan sa Barangay Kamayaan tawagi kining numero para sa tabang 09463656784', '2018-10-17 04:43:46', '2018-10-17 04:43:46'),
(222, 4, 'Pahibalo gkan sa Barangay Kamayaan tawagi kining numero para sa tabang 09463656784', '2018-10-17 04:43:46', '2018-10-17 04:43:46'),
(225, 3, 'Pahibalo gkan sa Barangay Kamayaan giawhag ang tanan sa pagdung sa evacuation center', '2018-10-17 04:44:00', '2018-10-17 04:44:00'),
(226, 4, 'Pahibalo gkan sa Barangay Kamayaan giawhag ang tanan sa pagdung sa evacuation center', '2018-10-17 04:44:00', '2018-10-17 04:44:00'),
(229, 3, 'Pahibalo gkan sa Barangay Kamayaan ang tubig nagasaka na sa delikado nga lebel', '2018-10-17 04:44:07', '2018-10-17 04:44:07'),
(230, 4, 'Pahibalo gkan sa Barangay Kamayaan ang tubig nagasaka na sa delikado nga lebel', '2018-10-17 04:44:07', '2018-10-17 04:44:07'),
(233, 3, 'Pahibalo gkan sa Barangay Kamayaan ang tubig nagasaka na sa delikado nga lebel', '2018-10-17 06:29:34', '2018-10-17 06:29:34'),
(234, 4, 'Pahibalo gkan sa Barangay Kamayaan ang tubig nagasaka na sa delikado nga lebel', '2018-10-17 06:29:34', '2018-10-17 06:29:34'),
(236, 3, 'Pahibalo gkan sa Barangay Kamayaan tawagi kining numero para sa tabang 09463656784', '2018-10-17 06:29:50', '2018-10-17 06:29:50'),
(237, 4, 'Pahibalo gkan sa Barangay Kamayaan tawagi kining numero para sa tabang 09463656784', '2018-10-17 06:29:50', '2018-10-17 06:29:50'),
(239, 3, 'Pahibalo gkan sa Barangay Kamayaan giawhag ang tanan sa pagdung sa evacuation center', '2018-10-17 06:30:06', '2018-10-17 06:30:06'),
(240, 4, 'Pahibalo gkan sa Barangay Kamayaan giawhag ang tanan sa pagdung sa evacuation center', '2018-10-17 06:30:06', '2018-10-17 06:30:06'),
(242, 3, 'Pahibalo gkan sa Barangay Kamayaan ang tubig nagasaka na sa delikado nga lebel', '2018-10-17 06:33:05', '2018-10-17 06:33:05'),
(243, 4, 'Pahibalo gkan sa Barangay Kamayaan ang tubig nagasaka na sa delikado nga lebel', '2018-10-17 06:33:05', '2018-10-17 06:33:05'),
(245, 3, 'Pahibalo gkan sa Barangay Kamayaan tawagi kining numero para sa tabang 09463656784', '2018-10-17 06:33:38', '2018-10-17 06:33:38'),
(246, 4, 'Pahibalo gkan sa Barangay Kamayaan tawagi kining numero para sa tabang 09463656784', '2018-10-17 06:33:38', '2018-10-17 06:33:38'),
(248, 3, 'Pahibalo gkan sa Barangay Kamayaan ang tubig nagasaka na sa delikado nga lebel', '2018-10-17 06:40:38', '2018-10-17 06:40:38'),
(249, 4, 'Pahibalo gkan sa Barangay Kamayaan ang tubig nagasaka na sa delikado nga lebel', '2018-10-17 06:40:38', '2018-10-17 06:40:38'),
(251, 3, 'Pahibalo gkan sa Barangay Kamayaan ang tubig nagasaka na sa delikado nga lebel', '2018-10-17 06:42:47', '2018-10-17 06:42:47'),
(252, 4, 'Pahibalo gkan sa Barangay Kamayaan ang tubig nagasaka na sa delikado nga lebel', '2018-10-17 06:42:47', '2018-10-17 06:42:47'),
(254, 3, 'Pahibalo gkan sa Barangay Kamayaan giawhag ang tanan sa pagdung sa evacuation center', '2018-10-17 06:43:15', '2018-10-17 06:43:15'),
(255, 4, 'Pahibalo gkan sa Barangay Kamayaan giawhag ang tanan sa pagdung sa evacuation center', '2018-10-17 06:43:16', '2018-10-17 06:43:16'),
(257, 3, 'Pahibalo gkan sa Barangay Kamayaan tawagi kining numero para sa tabang 09463656784', '2018-10-17 06:43:27', '2018-10-17 06:43:27'),
(258, 4, 'Pahibalo gkan sa Barangay Kamayaan tawagi kining numero para sa tabang 09463656784', '2018-10-17 06:43:28', '2018-10-17 06:43:28'),
(260, 3, 'Pahibalo gkan sa Barangay Kamayaan ang tubig nagasaka na sa delikado nga lebel', '2018-10-17 06:43:39', '2018-10-17 06:43:39'),
(261, 4, 'Pahibalo gkan sa Barangay Kamayaan ang tubig nagasaka na sa delikado nga lebel', '2018-10-17 06:43:39', '2018-10-17 06:43:39'),
(263, 3, 'Pahibalo gkan sa Barangay Kamayaan giawhag ang tanan sa pagdung sa evacuation center', '2018-10-17 06:44:20', '2018-10-17 06:44:20'),
(264, 4, 'Pahibalo gkan sa Barangay Kamayaan giawhag ang tanan sa pagdung sa evacuation center', '2018-10-17 06:44:20', '2018-10-17 06:44:20'),
(266, 3, 'Pahibalo gkan sa Barangay Kamayaan tawagi kining numero para sa tabang 09463656784', '2018-10-17 06:44:28', '2018-10-17 06:44:28'),
(267, 4, 'Pahibalo gkan sa Barangay Kamayaan tawagi kining numero para sa tabang 09463656784', '2018-10-17 06:44:28', '2018-10-17 06:44:28'),
(269, 3, 'Pahibalo gkan sa Barangay Kamayaan giawhag ang tanan sa pagdung sa evacuation center', '2018-10-17 06:44:36', '2018-10-17 06:44:36'),
(270, 4, 'Pahibalo gkan sa Barangay Kamayaan giawhag ang tanan sa pagdung sa evacuation center', '2018-10-17 06:44:36', '2018-10-17 06:44:36'),
(272, 3, 'Pahibalo gkan sa Barangay Kamayaan ang tubig nagasaka na sa delikado nga lebel', '2018-10-17 06:44:46', '2018-10-17 06:44:46'),
(273, 4, 'Pahibalo gkan sa Barangay Kamayaan ang tubig nagasaka na sa delikado nga lebel', '2018-10-17 06:44:46', '2018-10-17 06:44:46'),
(275, 3, 'Pahibalo gkan sa Barangay Kamayaan tawagi kining numero para sa tabang 09463656784', '2018-10-17 06:47:21', '2018-10-17 06:47:21'),
(276, 4, 'Pahibalo gkan sa Barangay Kamayaan tawagi kining numero para sa tabang 09463656784', '2018-10-17 06:47:21', '2018-10-17 06:47:21'),
(278, 3, 'Pahibalo gkan sa Barangay Kamayaan giawhag ang tanan sa pagdung sa evacuation center', '2018-10-17 06:47:29', '2018-10-17 06:47:29'),
(279, 4, 'Pahibalo gkan sa Barangay Kamayaan giawhag ang tanan sa pagdung sa evacuation center', '2018-10-17 06:47:29', '2018-10-17 06:47:29'),
(281, 3, 'Pahibalo gkan sa Barangay Kamayaan ang tubig nagasaka na sa delikado nga lebel', '2018-10-17 06:47:41', '2018-10-17 06:47:41'),
(282, 4, 'Pahibalo gkan sa Barangay Kamayaan ang tubig nagasaka na sa delikado nga lebel', '2018-10-17 06:47:41', '2018-10-17 06:47:41'),
(284, 3, 'Pahibalo gkan sa Barangay Kamayaan ang tubig nagasaka na sa delikado nga lebel', '2018-10-17 14:58:53', '2018-10-17 14:58:53'),
(285, 4, 'Pahibalo gkan sa Barangay Kamayaan ang tubig nagasaka na sa delikado nga lebel', '2018-10-17 14:58:53', '2018-10-17 14:58:53'),
(287, 3, 'Pahibalo gkan sa Barangay Kamayaan giawhag ang tanan sa pagdung sa evacuation center', '2018-10-17 14:59:54', '2018-10-17 14:59:54'),
(288, 4, 'Pahibalo gkan sa Barangay Kamayaan giawhag ang tanan sa pagdung sa evacuation center', '2018-10-17 14:59:54', '2018-10-17 14:59:54'),
(290, 3, 'Pahibalo gkan sa Barangay Kamayaan ang tubig nagasaka na sa delikado nga lebel', '2018-10-17 14:59:58', '2018-10-17 14:59:58'),
(291, 4, 'Pahibalo gkan sa Barangay Kamayaan ang tubig nagasaka na sa delikado nga lebel', '2018-10-17 14:59:58', '2018-10-17 14:59:58'),
(293, 3, 'Pahibalo gkan sa Barangay Kamayaan tawagi kining numero para sa tabang 09463656784', '2018-10-17 15:00:10', '2018-10-17 15:00:10'),
(294, 4, 'Pahibalo gkan sa Barangay Kamayaan tawagi kining numero para sa tabang 09463656784', '2018-10-17 15:00:10', '2018-10-17 15:00:10'),
(296, 3, 'Pahibalo gkan sa Barangay Kamayaan ang tubig nagasaka na sa delikado nga lebel', '2018-10-17 15:00:22', '2018-10-17 15:00:22'),
(297, 4, 'Pahibalo gkan sa Barangay Kamayaan ang tubig nagasaka na sa delikado nga lebel', '2018-10-17 15:00:22', '2018-10-17 15:00:22'),
(299, 3, 'Pahibalo gkan sa Barangay Kamayaan giawhag ang tanan sa pagdung sa evacuation center', '2018-10-17 15:01:02', '2018-10-17 15:01:02'),
(300, 4, 'Pahibalo gkan sa Barangay Kamayaan giawhag ang tanan sa pagdung sa evacuation center', '2018-10-17 15:01:02', '2018-10-17 15:01:02'),
(302, 3, 'Pahibalo gkan sa Barangay Kamayaan tawagi kining numero para sa tabang 09463656784', '2018-10-17 15:01:06', '2018-10-17 15:01:06'),
(303, 4, 'Pahibalo gkan sa Barangay Kamayaan tawagi kining numero para sa tabang 09463656784', '2018-10-17 15:01:06', '2018-10-17 15:01:06'),
(305, 3, 'Pahibalo gkan sa Barangay Kamayaan giawhag ang tanan sa pagdung sa evacuation center', '2018-10-17 15:01:14', '2018-10-17 15:01:14'),
(306, 4, 'Pahibalo gkan sa Barangay Kamayaan giawhag ang tanan sa pagdung sa evacuation center', '2018-10-17 15:01:14', '2018-10-17 15:01:14'),
(308, 3, 'Pahibalo gkan sa Barangay Kamayaan ang tubig nagasaka na sa delikado nga lebel', '2018-10-17 15:01:34', '2018-10-17 15:01:34'),
(309, 4, 'Pahibalo gkan sa Barangay Kamayaan ang tubig nagasaka na sa delikado nga lebel', '2018-10-17 15:01:34', '2018-10-17 15:01:34'),
(311, 3, 'Pahibalo gkan sa Barangay Kamayaan ang tubig nagasaka na sa delikado nga lebel', '2018-10-17 15:02:04', '2018-10-17 15:02:04'),
(312, 4, 'Pahibalo gkan sa Barangay Kamayaan ang tubig nagasaka na sa delikado nga lebel', '2018-10-17 15:02:04', '2018-10-17 15:02:04'),
(314, 3, 'Pahibalo gkan sa Barangay Kamayaan ang tubig nagasaka na sa delikado nga lebel', '2018-10-17 15:02:18', '2018-10-17 15:02:18'),
(315, 4, 'Pahibalo gkan sa Barangay Kamayaan ang tubig nagasaka na sa delikado nga lebel', '2018-10-17 15:02:18', '2018-10-17 15:02:18'),
(317, 3, 'Pahibalo gkan sa Barangay Kamayaan ang tubig nagasaka na sa delikado nga lebel', '2018-10-17 15:02:24', '2018-10-17 15:02:24'),
(318, 4, 'Pahibalo gkan sa Barangay Kamayaan ang tubig nagasaka na sa delikado nga lebel', '2018-10-17 15:02:24', '2018-10-17 15:02:24'),
(320, 3, 'Pahibalo gkan sa Barangay Kamayaan ang tubig nagasaka na sa delikado nga lebel', '2018-10-17 15:02:44', '2018-10-17 15:02:44'),
(321, 4, 'Pahibalo gkan sa Barangay Kamayaan ang tubig nagasaka na sa delikado nga lebel', '2018-10-17 15:02:44', '2018-10-17 15:02:44'),
(323, 3, 'Pahibalo gkan sa Barangay Kamayaan ang tubig nagasaka na sa delikado nga lebel', '2018-10-17 15:02:52', '2018-10-17 15:02:52'),
(324, 4, 'Pahibalo gkan sa Barangay Kamayaan ang tubig nagasaka na sa delikado nga lebel', '2018-10-17 15:02:52', '2018-10-17 15:02:52'),
(326, 3, 'Pahibalo gkan sa Barangay Kamayaan ang tubig nagasaka na sa delikado nga lebel', '2018-10-17 15:03:06', '2018-10-17 15:03:06'),
(327, 4, 'Pahibalo gkan sa Barangay Kamayaan ang tubig nagasaka na sa delikado nga lebel', '2018-10-17 15:03:06', '2018-10-17 15:03:06'),
(329, 3, 'Pahibalo gkan sa Barangay Kamayaan ang tubig nagasaka na sa delikado nga lebel', '2018-10-17 15:03:12', '2018-10-17 15:03:12'),
(330, 4, 'Pahibalo gkan sa Barangay Kamayaan ang tubig nagasaka na sa delikado nga lebel', '2018-10-17 15:03:12', '2018-10-17 15:03:12'),
(332, 3, 'Pahibalo gkan sa Barangay Kamayaan ang tubig nagasaka na sa delikado nga lebel', '2018-10-17 15:04:34', '2018-10-17 15:04:34'),
(333, 4, 'Pahibalo gkan sa Barangay Kamayaan ang tubig nagasaka na sa delikado nga lebel', '2018-10-17 15:04:34', '2018-10-17 15:04:34'),
(335, 3, 'Pahibalo gkan sa Barangay Kamayaan ang tubig nagasaka na sa delikado nga lebel', '2018-10-17 15:06:28', '2018-10-17 15:06:28'),
(336, 4, 'Pahibalo gkan sa Barangay Kamayaan ang tubig nagasaka na sa delikado nga lebel', '2018-10-17 15:06:29', '2018-10-17 15:06:29'),
(338, 3, 'Pahibalo gkan sa Barangay Kamayaan ang tubig nagasaka na sa delikado nga lebel', '2018-10-17 15:06:46', '2018-10-17 15:06:46'),
(339, 4, 'Pahibalo gkan sa Barangay Kamayaan ang tubig nagasaka na sa delikado nga lebel', '2018-10-17 15:06:46', '2018-10-17 15:06:46'),
(341, 3, 'Pahibalo gkan sa Barangay Kamayaan giawhag ang tanan sa pagdung sa evacuation center', '2018-10-17 15:07:22', '2018-10-17 15:07:22'),
(342, 4, 'Pahibalo gkan sa Barangay Kamayaan giawhag ang tanan sa pagdung sa evacuation center', '2018-10-17 15:07:22', '2018-10-17 15:07:22'),
(344, 3, 'Pahibalo gkan sa Barangay Kamayaan ang tubig nagasaka na sa delikado nga lebel', '2018-10-17 15:07:28', '2018-10-17 15:07:28'),
(345, 4, 'Pahibalo gkan sa Barangay Kamayaan ang tubig nagasaka na sa delikado nga lebel', '2018-10-17 15:07:28', '2018-10-17 15:07:28'),
(347, 3, 'Pahibalo gkan sa Barangay Kamayaan giawhag ang tanan sa pagdung sa evacuation center', '2018-10-17 15:07:32', '2018-10-17 15:07:32'),
(348, 4, 'Pahibalo gkan sa Barangay Kamayaan giawhag ang tanan sa pagdung sa evacuation center', '2018-10-17 15:07:32', '2018-10-17 15:07:32'),
(350, 3, 'Pahibalo gkan sa Barangay Kamayaan ang tubig nagasaka na sa delikado nga lebel', '2018-10-17 15:08:04', '2018-10-17 15:08:04'),
(351, 4, 'Pahibalo gkan sa Barangay Kamayaan ang tubig nagasaka na sa delikado nga lebel', '2018-10-17 15:08:04', '2018-10-17 15:08:04'),
(353, 3, 'Pahibalo gkan sa Barangay Kamayaan ang tubig nagasaka na sa delikado nga lebel', '2018-10-17 15:10:52', '2018-10-17 15:10:52'),
(354, 4, 'Pahibalo gkan sa Barangay Kamayaan ang tubig nagasaka na sa delikado nga lebel', '2018-10-17 15:10:52', '2018-10-17 15:10:52'),
(356, 3, 'Pahibalo gkan sa Barangay Kamayaan giawhag ang tanan sa pagdung sa evacuation center', '2018-10-17 15:11:04', '2018-10-17 15:11:04'),
(357, 4, 'Pahibalo gkan sa Barangay Kamayaan giawhag ang tanan sa pagdung sa evacuation center', '2018-10-17 15:11:04', '2018-10-17 15:11:04'),
(359, 3, 'Pahibalo gkan sa Barangay Kamayaan tawagi kining numero para sa tabang 09463656784', '2018-10-17 15:11:16', '2018-10-17 15:11:16'),
(360, 4, 'Pahibalo gkan sa Barangay Kamayaan tawagi kining numero para sa tabang 09463656784', '2018-10-17 15:11:16', '2018-10-17 15:11:16'),
(362, 3, 'Pahibalo gkan sa Barangay Kamayaan giawhag ang tanan sa pagdung sa evacuation center', '2018-10-17 15:11:22', '2018-10-17 15:11:22'),
(363, 4, 'Pahibalo gkan sa Barangay Kamayaan giawhag ang tanan sa pagdung sa evacuation center', '2018-10-17 15:11:22', '2018-10-17 15:11:22'),
(365, 3, 'Pahibalo gkan sa Barangay Kamayaan ang tubig nagasaka na sa delikado nga lebel', '2018-10-17 15:11:36', '2018-10-17 15:11:36'),
(366, 4, 'Pahibalo gkan sa Barangay Kamayaan ang tubig nagasaka na sa delikado nga lebel', '2018-10-17 15:11:36', '2018-10-17 15:11:36'),
(368, 3, 'Pahibalo gkan sa Barangay Kamayaan ang tubig nagasaka na sa delikado nga lebel', '2018-10-17 15:12:46', '2018-10-17 15:12:46'),
(369, 4, 'Pahibalo gkan sa Barangay Kamayaan ang tubig nagasaka na sa delikado nga lebel', '2018-10-17 15:12:46', '2018-10-17 15:12:46'),
(371, 3, 'Pahibalo gkan sa Barangay Kamayaan ang tubig nagasaka na sa delikado nga lebel', '2018-10-17 15:13:44', '2018-10-17 15:13:44'),
(372, 4, 'Pahibalo gkan sa Barangay Kamayaan ang tubig nagasaka na sa delikado nga lebel', '2018-10-17 15:13:44', '2018-10-17 15:13:44'),
(374, 3, 'Pahibalo gkan sa Barangay Kamayaan ang tubig nagasaka na sa delikado nga lebel', '2018-10-17 15:14:13', '2018-10-17 15:14:13'),
(375, 4, 'Pahibalo gkan sa Barangay Kamayaan ang tubig nagasaka na sa delikado nga lebel', '2018-10-17 15:14:13', '2018-10-17 15:14:13'),
(377, 3, 'Pahibalo gkan sa Barangay Kamayaan ang tubig nagasaka na sa delikado nga lebel', '2018-10-17 15:14:57', '2018-10-17 15:14:57'),
(378, 4, 'Pahibalo gkan sa Barangay Kamayaan ang tubig nagasaka na sa delikado nga lebel', '2018-10-17 15:14:57', '2018-10-17 15:14:57'),
(380, 3, 'Pahibalo gkan sa Barangay Kamayaan ang tubig nagasaka na sa delikado nga lebel', '2018-10-17 15:15:09', '2018-10-17 15:15:09'),
(381, 4, 'Pahibalo gkan sa Barangay Kamayaan ang tubig nagasaka na sa delikado nga lebel', '2018-10-17 15:15:09', '2018-10-17 15:15:09'),
(383, 3, 'Pahibalo gkan sa Barangay Kamayaan ang tubig nagasaka na sa delikado nga lebel', '2018-10-17 15:15:29', '2018-10-17 15:15:29'),
(384, 4, 'Pahibalo gkan sa Barangay Kamayaan ang tubig nagasaka na sa delikado nga lebel', '2018-10-17 15:15:29', '2018-10-17 15:15:29'),
(386, 3, 'Pahibalo gkan sa Barangay Kamayaan ang tubig nagasaka na sa delikado nga lebel', '2018-10-17 15:15:49', '2018-10-17 15:15:49'),
(387, 4, 'Pahibalo gkan sa Barangay Kamayaan ang tubig nagasaka na sa delikado nga lebel', '2018-10-17 15:15:49', '2018-10-17 15:15:49'),
(389, 3, 'Pahibalo gkan sa Barangay Kamayaan ang tubig nagasaka na sa delikado nga lebel', '2018-10-17 15:15:57', '2018-10-17 15:15:57'),
(390, 4, 'Pahibalo gkan sa Barangay Kamayaan ang tubig nagasaka na sa delikado nga lebel', '2018-10-17 15:15:57', '2018-10-17 15:15:57'),
(392, 3, 'Pahibalo gkan sa Barangay Kamayaan ang tubig nagasaka na sa delikado nga lebel', '2018-10-17 15:24:44', '2018-10-17 15:24:44'),
(393, 4, 'Pahibalo gkan sa Barangay Kamayaan ang tubig nagasaka na sa delikado nga lebel', '2018-10-17 15:24:44', '2018-10-17 15:24:44'),
(395, 3, 'Pahibalo gkan sa Barangay Kamayaan ang tubig nagasaka na sa delikado nga lebel', '2018-10-17 15:26:09', '2018-10-17 15:26:09'),
(396, 4, 'Pahibalo gkan sa Barangay Kamayaan ang tubig nagasaka na sa delikado nga lebel', '2018-10-17 15:26:09', '2018-10-17 15:26:09'),
(398, 3, 'Pahibalo gkan sa Barangay Kamayaan ang tubig nagasaka na sa delikado nga lebel', '2018-10-17 15:26:53', '2018-10-17 15:26:53'),
(399, 4, 'Pahibalo gkan sa Barangay Kamayaan ang tubig nagasaka na sa delikado nga lebel', '2018-10-17 15:26:53', '2018-10-17 15:26:53'),
(401, 3, 'Pahibalo gkan sa Barangay Kamayaan giawhag ang tanan sa pagdung sa evacuation center', '2018-10-17 15:27:01', '2018-10-17 15:27:01'),
(402, 4, 'Pahibalo gkan sa Barangay Kamayaan giawhag ang tanan sa pagdung sa evacuation center', '2018-10-17 15:27:01', '2018-10-17 15:27:01'),
(404, 3, 'Pahibalo gkan sa Barangay Kamayaan tawagi kining numero para sa tabang 09463656784', '2018-10-17 15:27:13', '2018-10-17 15:27:13'),
(405, 4, 'Pahibalo gkan sa Barangay Kamayaan tawagi kining numero para sa tabang 09463656784', '2018-10-17 15:27:13', '2018-10-17 15:27:13'),
(407, 3, 'Pahibalo gkan sa Barangay Kamayaan giawhag ang tanan sa pagdung sa evacuation center', '2018-10-17 15:27:19', '2018-10-17 15:27:19'),
(408, 4, 'Pahibalo gkan sa Barangay Kamayaan giawhag ang tanan sa pagdung sa evacuation center', '2018-10-17 15:27:19', '2018-10-17 15:27:19'),
(410, 3, 'Pahibalo gkan sa Barangay Kamayaan ang tubig nagasaka na sa delikado nga lebel', '2018-10-17 15:27:27', '2018-10-17 15:27:27'),
(411, 4, 'Pahibalo gkan sa Barangay Kamayaan ang tubig nagasaka na sa delikado nga lebel', '2018-10-17 15:27:27', '2018-10-17 15:27:27'),
(413, 3, 'Pahibalo gkan sa Barangay Kamayaan ang tubig nagasaka na sa delikado nga lebel', '2018-10-17 15:36:50', '2018-10-17 15:36:50'),
(414, 4, 'Pahibalo gkan sa Barangay Kamayaan ang tubig nagasaka na sa delikado nga lebel', '2018-10-17 15:36:50', '2018-10-17 15:36:50'),
(416, 3, 'Pahibalo gkan sa Barangay Kamayaan giawhag ang tanan sa pagdung sa evacuation center', '2018-10-17 15:37:06', '2018-10-17 15:37:06'),
(417, 4, 'Pahibalo gkan sa Barangay Kamayaan giawhag ang tanan sa pagdung sa evacuation center', '2018-10-17 15:37:06', '2018-10-17 15:37:06'),
(419, 3, 'Pahibalo gkan sa Barangay Kamayaan tawagi kining numero para sa tabang 09463656784', '2018-10-17 15:37:22', '2018-10-17 15:37:22'),
(420, 4, 'Pahibalo gkan sa Barangay Kamayaan tawagi kining numero para sa tabang 09463656784', '2018-10-17 15:37:22', '2018-10-17 15:37:22'),
(422, 3, 'Pahibalo gkan sa Barangay Kamayaan giawhag ang tanan sa pagdung sa evacuation center', '2018-10-17 15:37:28', '2018-10-17 15:37:28'),
(423, 4, 'Pahibalo gkan sa Barangay Kamayaan giawhag ang tanan sa pagdung sa evacuation center', '2018-10-17 15:37:28', '2018-10-17 15:37:28'),
(425, 3, 'Pahibalo gkan sa Barangay Kamayaan ang tubig nagasaka na sa delikado nga lebel', '2018-10-17 15:38:00', '2018-10-17 15:38:00'),
(426, 4, 'Pahibalo gkan sa Barangay Kamayaan ang tubig nagasaka na sa delikado nga lebel', '2018-10-17 15:38:00', '2018-10-17 15:38:00'),
(428, 3, 'Pahibalo gkan sa Barangay Kamayaan tawagi kining numero para sa tabang 09463656784', '2018-10-18 04:34:14', '2018-10-18 04:34:14'),
(429, 4, 'Pahibalo gkan sa Barangay Kamayaan tawagi kining numero para sa tabang 09463656784', '2018-10-18 04:34:14', '2018-10-18 04:34:14'),
(431, 3, 'Pahibalo gkan sa Barangay Kamayaan ang tubig nagasaka na sa delikado nga lebel', '2018-10-18 04:35:12', '2018-10-18 04:35:12'),
(432, 4, 'Pahibalo gkan sa Barangay Kamayaan ang tubig nagasaka na sa delikado nga lebel', '2018-10-18 04:35:12', '2018-10-18 04:35:12'),
(434, 3, 'Pahibalo gkan sa Barangay Kamayaan giawhag ang tanan sa pagdung sa evacuation center', '2018-10-18 04:35:25', '2018-10-18 04:35:25'),
(435, 4, 'Pahibalo gkan sa Barangay Kamayaan giawhag ang tanan sa pagdung sa evacuation center', '2018-10-18 04:35:25', '2018-10-18 04:35:25'),
(437, 3, 'Pahibalo gkan sa Barangay Kamayaan tawagi kining numero para sa tabang 09463656784', '2018-10-18 04:35:25', '2018-10-18 04:35:25'),
(438, 4, 'Pahibalo gkan sa Barangay Kamayaan tawagi kining numero para sa tabang 09463656784', '2018-10-18 04:35:26', '2018-10-18 04:35:26'),
(440, 3, 'Pahibalo gkan sa Barangay Kamayaan tawagi kining numero para sa tabang 09463656784', '2018-10-18 04:37:43', '2018-10-18 04:37:43'),
(441, 4, 'Pahibalo gkan sa Barangay Kamayaan tawagi kining numero para sa tabang 09463656784', '2018-10-18 04:37:43', '2018-10-18 04:37:43'),
(443, 3, 'Pahibalo gkan sa Barangay Kamayaan giawhag ang tanan sa pagdung sa evacuation center', '2018-10-18 04:37:45', '2018-10-18 04:37:45'),
(444, 4, 'Pahibalo gkan sa Barangay Kamayaan giawhag ang tanan sa pagdung sa evacuation center', '2018-10-18 04:37:45', '2018-10-18 04:37:45'),
(446, 3, 'Pahibalo gkan sa Barangay Kamayaan tawagi kining numero para sa tabang 09463656784', '2018-10-18 04:38:59', '2018-10-18 04:38:59'),
(447, 4, 'Pahibalo gkan sa Barangay Kamayaan tawagi kining numero para sa tabang 09463656784', '2018-10-18 04:38:59', '2018-10-18 04:38:59'),
(449, 3, 'Pahibalo gkan sa Barangay Kamayaan tawagi kining numero para sa tabang 09463656784', '2018-10-18 04:39:05', '2018-10-18 04:39:05'),
(450, 4, 'Pahibalo gkan sa Barangay Kamayaan tawagi kining numero para sa tabang 09463656784', '2018-10-18 04:39:05', '2018-10-18 04:39:05'),
(452, 3, 'Pahibalo gkan sa Barangay Kamayaan tawagi kining numero para sa tabang 09463656784', '2018-10-18 04:39:27', '2018-10-18 04:39:27'),
(453, 4, 'Pahibalo gkan sa Barangay Kamayaan tawagi kining numero para sa tabang 09463656784', '2018-10-18 04:39:27', '2018-10-18 04:39:27'),
(455, 3, 'Pahibalo gkan sa Barangay Kamayaan giawhag ang tanan sa pagdung sa evacuation center', '2018-10-18 04:39:31', '2018-10-18 04:39:31'),
(456, 4, 'Pahibalo gkan sa Barangay Kamayaan giawhag ang tanan sa pagdung sa evacuation center', '2018-10-18 04:39:31', '2018-10-18 04:39:31'),
(458, 3, 'Pahibalo gkan sa Barangay Kamayaan giawhag ang tanan sa pagdung sa evacuation center', '2018-10-18 04:41:05', '2018-10-18 04:41:05'),
(459, 4, 'Pahibalo gkan sa Barangay Kamayaan giawhag ang tanan sa pagdung sa evacuation center', '2018-10-18 04:41:05', '2018-10-18 04:41:05'),
(461, 3, 'Pahibalo gkan sa Barangay Kamayaan ang tubig nagasaka na sa delikado nga lebel', '2018-10-18 04:42:07', '2018-10-18 04:42:07'),
(462, 4, 'Pahibalo gkan sa Barangay Kamayaan ang tubig nagasaka na sa delikado nga lebel', '2018-10-18 04:42:07', '2018-10-18 04:42:07'),
(464, 3, 'Pahibalo gkan sa Barangay Kamayaan giawhag ang tanan sa pagdung sa evacuation center', '2018-10-18 04:42:35', '2018-10-18 04:42:35'),
(465, 4, 'Pahibalo gkan sa Barangay Kamayaan giawhag ang tanan sa pagdung sa evacuation center', '2018-10-18 04:42:35', '2018-10-18 04:42:35'),
(467, 3, 'Pahibalo gkan sa Barangay Kamayaan tawagi kining numero para sa tabang 09463656784', '2018-10-18 04:42:55', '2018-10-18 04:42:55'),
(468, 4, 'Pahibalo gkan sa Barangay Kamayaan tawagi kining numero para sa tabang 09463656784', '2018-10-18 04:42:55', '2018-10-18 04:42:55'),
(470, 3, 'Pahibalo gkan sa Barangay Kamayaan giawhag ang tanan sa pagdung sa evacuation center', '2018-10-18 04:43:07', '2018-10-18 04:43:07'),
(471, 4, 'Pahibalo gkan sa Barangay Kamayaan giawhag ang tanan sa pagdung sa evacuation center', '2018-10-18 04:43:07', '2018-10-18 04:43:07'),
(473, 3, 'Pahibalo gkan sa Barangay Kamayaan ang tubig nagasaka na sa delikado nga lebel', '2018-10-18 04:43:31', '2018-10-18 04:43:31'),
(474, 4, 'Pahibalo gkan sa Barangay Kamayaan ang tubig nagasaka na sa delikado nga lebel', '2018-10-18 04:43:31', '2018-10-18 04:43:31'),
(476, 3, 'Pahibalo gkan sa Barangay Kamayaan giawhag ang tanan sa pagdung sa evacuation center', '2018-10-18 04:51:49', '2018-10-18 04:51:49'),
(477, 4, 'Pahibalo gkan sa Barangay Kamayaan giawhag ang tanan sa pagdung sa evacuation center', '2018-10-18 04:51:49', '2018-10-18 04:51:49'),
(479, 3, 'Pahibalo gkan sa Barangay Kamayaan tawagi kining numero para sa tabang 09463656784', '2018-10-18 04:51:53', '2018-10-18 04:51:53'),
(480, 4, 'Pahibalo gkan sa Barangay Kamayaan tawagi kining numero para sa tabang 09463656784', '2018-10-18 04:51:53', '2018-10-18 04:51:53'),
(482, 3, 'Pahibalo gkan sa Barangay Kamayaan ang tubig nagasaka na sa delikado nga lebel', '2018-10-18 04:57:48', '2018-10-18 04:57:48'),
(483, 4, 'Pahibalo gkan sa Barangay Kamayaan ang tubig nagasaka na sa delikado nga lebel', '2018-10-18 04:57:48', '2018-10-18 04:57:48'),
(485, 3, 'Pahibalo gkan sa Barangay Kamayaan ang tubig nagasaka na sa delikado nga lebel', '2018-10-18 05:19:21', '2018-10-18 05:19:21'),
(486, 4, 'Pahibalo gkan sa Barangay Kamayaan ang tubig nagasaka na sa delikado nga lebel', '2018-10-18 05:19:21', '2018-10-18 05:19:21'),
(488, 3, 'Pahibalo gkan sa Barangay Kamayaan giawhag ang tanan sa pagdung sa evacuation center', '2018-10-18 05:19:35', '2018-10-18 05:19:35'),
(489, 4, 'Pahibalo gkan sa Barangay Kamayaan giawhag ang tanan sa pagdung sa evacuation center', '2018-10-18 05:19:35', '2018-10-18 05:19:35'),
(491, 3, 'Pahibalo gkan sa Barangay Kamayaan ang tubig nagasaka na sa delikado nga lebel', '2018-10-18 05:19:48', '2018-10-18 05:19:48'),
(492, 4, 'Pahibalo gkan sa Barangay Kamayaan ang tubig nagasaka na sa delikado nga lebel', '2018-10-18 05:19:48', '2018-10-18 05:19:48'),
(494, 3, 'Pahibalo gkan sa Barangay Kamayaan ang tubig nagasaka na sa delikado nga lebel', '2018-10-18 05:20:09', '2018-10-18 05:20:09'),
(495, 4, 'Pahibalo gkan sa Barangay Kamayaan ang tubig nagasaka na sa delikado nga lebel', '2018-10-18 05:20:09', '2018-10-18 05:20:09'),
(497, 3, 'Pahibalo gkan sa Barangay Kamayaan giawhag ang tanan sa pagdung sa evacuation center', '2018-10-18 05:20:22', '2018-10-18 05:20:22'),
(498, 4, 'Pahibalo gkan sa Barangay Kamayaan giawhag ang tanan sa pagdung sa evacuation center', '2018-10-18 05:20:22', '2018-10-18 05:20:22'),
(500, 3, 'Pahibalo gkan sa Barangay Kamayaan ang tubig nagasaka na sa delikado nga lebel', '2018-10-18 05:20:35', '2018-10-18 05:20:35'),
(501, 4, 'Pahibalo gkan sa Barangay Kamayaan ang tubig nagasaka na sa delikado nga lebel', '2018-10-18 05:20:35', '2018-10-18 05:20:35'),
(503, 3, 'Pahibalo gkan sa Barangay Kamayaan giawhag ang tanan sa pagdung sa evacuation center', '2018-10-18 05:20:48', '2018-10-18 05:20:48'),
(504, 4, 'Pahibalo gkan sa Barangay Kamayaan giawhag ang tanan sa pagdung sa evacuation center', '2018-10-18 05:20:48', '2018-10-18 05:20:48'),
(506, 3, 'Pahibalo gkan sa Barangay Kamayaan tawagi kining numero para sa tabang 09463656784', '2018-10-18 05:21:17', '2018-10-18 05:21:17'),
(507, 4, 'Pahibalo gkan sa Barangay Kamayaan tawagi kining numero para sa tabang 09463656784', '2018-10-18 05:21:17', '2018-10-18 05:21:17'),
(509, 3, 'Pahibalo gkan sa Barangay Kamayaan giawhag ang tanan sa pagdung sa evacuation center', '2018-10-18 05:21:30', '2018-10-18 05:21:30'),
(510, 4, 'Pahibalo gkan sa Barangay Kamayaan giawhag ang tanan sa pagdung sa evacuation center', '2018-10-18 05:21:30', '2018-10-18 05:21:30'),
(512, 3, 'Pahibalo gkan sa Barangay Kamayaan tawagi kining numero para sa tabang 09463656784', '2018-10-18 05:21:30', '2018-10-18 05:21:30'),
(513, 4, 'Pahibalo gkan sa Barangay Kamayaan tawagi kining numero para sa tabang 09463656784', '2018-10-18 05:21:30', '2018-10-18 05:21:30'),
(515, 3, 'Pahibalo gkan sa Barangay Kamayaan giawhag ang tanan sa pagdung sa evacuation center', '2018-10-18 05:21:33', '2018-10-18 05:21:33'),
(516, 4, 'Pahibalo gkan sa Barangay Kamayaan giawhag ang tanan sa pagdung sa evacuation center', '2018-10-18 05:21:33', '2018-10-18 05:21:33'),
(518, 3, 'Pahibalo gkan sa Barangay Kamayaan tawagi kining numero para sa tabang 09463656784', '2018-10-18 05:21:45', '2018-10-18 05:21:45'),
(519, 4, 'Pahibalo gkan sa Barangay Kamayaan tawagi kining numero para sa tabang 09463656784', '2018-10-18 05:21:45', '2018-10-18 05:21:45'),
(521, 3, 'Pahibalo gkan sa Barangay Kamayaan giawhag ang tanan sa pagdung sa evacuation center', '2018-10-18 05:21:59', '2018-10-18 05:21:59'),
(522, 4, 'Pahibalo gkan sa Barangay Kamayaan giawhag ang tanan sa pagdung sa evacuation center', '2018-10-18 05:21:59', '2018-10-18 05:21:59'),
(524, 3, 'Pahibalo gkan sa Barangay Kamayaan tawagi kining numero para sa tabang 09463656784', '2018-10-18 05:28:18', '2018-10-18 05:28:18'),
(525, 4, 'Pahibalo gkan sa Barangay Kamayaan tawagi kining numero para sa tabang 09463656784', '2018-10-18 05:28:18', '2018-10-18 05:28:18'),
(527, 3, 'Pahibalo gkan sa Barangay Kamayaan giawhag ang tanan sa pagdung sa evacuation center', '2018-10-18 05:28:21', '2018-10-18 05:28:21'),
(528, 4, 'Pahibalo gkan sa Barangay Kamayaan giawhag ang tanan sa pagdung sa evacuation center', '2018-10-18 05:28:21', '2018-10-18 05:28:21'),
(530, 3, 'Pahibalo gkan sa Barangay Kamayaan ang tubig nagasaka na sa delikado nga lebel', '2018-10-18 05:42:14', '2018-10-18 05:42:14'),
(531, 4, 'Pahibalo gkan sa Barangay Kamayaan ang tubig nagasaka na sa delikado nga lebel', '2018-10-18 05:42:14', '2018-10-18 05:42:14'),
(533, 3, 'Pahibalo gkan sa Barangay Kamayaan giawhag ang tanan sa pagdung sa evacuation center', '2018-10-18 05:42:19', '2018-10-18 05:42:19'),
(534, 4, 'Pahibalo gkan sa Barangay Kamayaan giawhag ang tanan sa pagdung sa evacuation center', '2018-10-18 05:42:19', '2018-10-18 05:42:19'),
(536, 3, 'Pahibalo gkan sa Barangay Kamayaan tawagi kining numero para sa tabang 09463656784', '2018-10-18 05:42:24', '2018-10-18 05:42:24'),
(537, 4, 'Pahibalo gkan sa Barangay Kamayaan tawagi kining numero para sa tabang 09463656784', '2018-10-18 05:42:24', '2018-10-18 05:42:24'),
(539, 3, 'Pahibalo gkan sa Barangay Kamayaan ang tubig nagasaka na sa delikado nga lebel', '2018-10-18 05:42:27', '2018-10-18 05:42:27'),
(540, 4, 'Pahibalo gkan sa Barangay Kamayaan ang tubig nagasaka na sa delikado nga lebel', '2018-10-18 05:42:27', '2018-10-18 05:42:27'),
(541, 3, 'Pahibalo gkan sa barangay kamayaan niabot na sa ikalima nga lebel ang tubig giawhag ang tanan sa pagdung sa evacuation center', '2018-10-22 08:32:33', '2018-10-22 08:32:33'),
(542, 4, 'Pahibalo gkan sa barangay kamayaan niabot na sa ikalima nga lebel ang tubig giawhag ang tanan sa pagdung sa evacuation center', '2018-10-22 08:32:33', '2018-10-22 08:32:33'),
(543, 3, 'Pahibalo gkan sa barangay kamayaan niabot na sa ikaupat nga lebel ang tubig palihug bantay', '2018-10-22 08:40:34', '2018-10-22 08:40:34'),
(544, 4, 'Pahibalo gkan sa barangay kamayaan niabot na sa ikaupat nga lebel ang tubig palihug bantay', '2018-10-22 08:40:46', '2018-10-22 08:40:46'),
(545, 3, 'Pahibalo gkan sa barangay kamayaan niabot na sa ikalima nga lebel ang tubig giawhag ang tanan sa pagdung sa evacuation center', '2018-10-22 08:40:46', '2018-10-22 08:40:46'),
(546, 4, 'Pahibalo gkan sa barangay kamayaan niabot na sa ikalima nga lebel ang tubig giawhag ang tanan sa pagdung sa evacuation center', '2018-10-22 08:40:46', '2018-10-22 08:40:46'),
(547, 3, 'Pahibalo gkan sa barangay kamayaan niabot na sa ikaunom nga lebel ang tubig tawagi kini nga numero para sa dugang tabang 09306866512', '2018-10-22 08:40:46', '2018-10-22 08:40:46'),
(548, 4, 'Pahibalo gkan sa barangay kamayaan niabot na sa ikaunom nga lebel ang tubig tawagi kini nga numero para sa dugang tabang 09306866512', '2018-10-22 08:40:46', '2018-10-22 08:40:46'),
(549, 3, 'Pahibalo gkan sa barangay kamayaan niabot na sa ikaunom nga lebel ang tubig tawagi kini nga numero para sa dugang tabang 09306866512', '2018-10-22 08:40:48', '2018-10-22 08:40:48'),
(550, 4, 'Pahibalo gkan sa barangay kamayaan niabot na sa ikaunom nga lebel ang tubig tawagi kini nga numero para sa dugang tabang 09306866512', '2018-10-22 08:40:48', '2018-10-22 08:40:48'),
(551, 3, 'Pahibalo gkan sa barangay kamayaan niabot na sa ikaupat nga lebel ang tubig palihug bantay', '2018-10-22 08:43:45', '2018-10-22 08:43:45'),
(552, 3, 'Pahibalo gkan sa barangay kamayaan niabot na sa ikalima nga lebel ang tubig giawhag ang tanan sa pagdung sa evacuation center', '2018-10-22 08:43:57', '2018-10-22 08:43:57'),
(553, 4, 'Pahibalo gkan sa barangay kamayaan niabot na sa ikalima nga lebel ang tubig giawhag ang tanan sa pagdung sa evacuation center', '2018-10-22 08:43:57', '2018-10-22 08:43:57'),
(554, 3, 'Pahibalo gkan sa barangay kamayaan niabot na sa ikalima nga lebel ang tubig giawhag ang tanan sa pagdung sa evacuation center', '2018-10-22 08:43:58', '2018-10-22 08:43:58'),
(555, 4, 'Pahibalo gkan sa barangay kamayaan niabot na sa ikalima nga lebel ang tubig giawhag ang tanan sa pagdung sa evacuation center', '2018-10-22 08:43:58', '2018-10-22 08:43:58'),
(556, 3, 'Pahibalo gkan sa barangay kamayaan niabot na sa ikaunom nga lebel ang tubig tawagi kini nga numero para sa dugang tabang 09306866512', '2018-10-22 08:43:58', '2018-10-22 08:43:58'),
(557, 4, 'Pahibalo gkan sa barangay kamayaan niabot na sa ikaunom nga lebel ang tubig tawagi kini nga numero para sa dugang tabang 09306866512', '2018-10-22 08:43:58', '2018-10-22 08:43:58'),
(558, 4, 'Pahibalo gkan sa barangay kamayaan niabot na sa ikaupat nga lebel ang tubig palihug bantay', '2018-10-22 08:46:10', '2018-10-22 08:46:10'),
(559, 3, 'Pahibalo gkan sa barangay kamayaan niabot na sa ikaupat nga lebel ang tubig palihug bantay', '2018-10-22 08:46:22', '2018-10-22 08:46:22'),
(560, 3, 'Pahibalo gkan sa barangay kamayaan niabot na sa ikalima nga lebel ang tubig giawhag ang tanan sa pagdung sa evacuation center', '2018-10-22 08:46:22', '2018-10-22 08:46:22'),
(561, 4, 'Pahibalo gkan sa barangay kamayaan niabot na sa ikalima nga lebel ang tubig giawhag ang tanan sa pagdung sa evacuation center', '2018-10-22 08:46:22', '2018-10-22 08:46:22'),
(562, 3, 'Pahibalo gkan sa barangay kamayaan niabot na sa ikalima nga lebel ang tubig giawhag ang tanan sa pagdung sa evacuation center', '2018-10-22 08:46:22', '2018-10-22 08:46:22'),
(563, 4, 'Pahibalo gkan sa barangay kamayaan niabot na sa ikalima nga lebel ang tubig giawhag ang tanan sa pagdung sa evacuation center', '2018-10-22 08:46:22', '2018-10-22 08:46:22'),
(564, 4, 'Pahibalo gkan sa barangay kamayaan niabot na sa ikaupat nga lebel ang tubig palihug bantay', '2018-10-22 08:46:24', '2018-10-22 08:46:24'),
(565, 4, 'Pahibalo gkan sa barangay kamayaan niabot na sa ikaupat nga lebel ang tubig palihug bantay', '2018-10-22 08:46:30', '2018-10-22 08:46:30'),
(566, 4, 'Pahibalo gkan sa barangay kamayaan niabot na sa ikaupat nga lebel ang tubig palihug bantay', '2018-10-22 08:46:38', '2018-10-22 08:46:38'),
(567, 4, 'Pahibalo gkan sa barangay kamayaan niabot na sa ikaupat nga lebel ang tubig palihug bantay', '2018-10-22 08:46:44', '2018-10-22 08:46:44'),
(568, 3, 'Pahibalo gkan sa barangay kamayaan niabot na sa ikaupat nga lebel ang tubig palihug bantay', '2018-10-22 08:49:13', '2018-10-22 08:49:13'),
(569, 3, 'Pahibalo gkan sa barangay kamayaan niabot na sa ikalima nga lebel ang tubig giawhag ang tanan sa pagdung sa evacuation center', '2018-10-22 08:49:25', '2018-10-22 08:49:25'),
(570, 4, 'Pahibalo gkan sa barangay kamayaan niabot na sa ikalima nga lebel ang tubig giawhag ang tanan sa pagdung sa evacuation center', '2018-10-22 08:49:25', '2018-10-22 08:49:25'),
(571, 3, 'Pahibalo gkan sa barangay kamayaan niabot na sa ikaunom nga lebel ang tubig tawagi kini nga numero para sa dugang tabang 09306866512', '2018-10-22 08:49:26', '2018-10-22 08:49:26'),
(572, 4, 'Pahibalo gkan sa barangay kamayaan niabot na sa ikaunom nga lebel ang tubig tawagi kini nga numero para sa dugang tabang 09306866512', '2018-10-22 08:49:26', '2018-10-22 08:49:26'),
(573, 3, 'Pahibalo gkan sa barangay kamayaan niabot na sa ikalima nga lebel ang tubig giawhag ang tanan sa pagdung sa evacuation center', '2018-10-22 08:49:28', '2018-10-22 08:49:28'),
(574, 4, 'Pahibalo gkan sa barangay kamayaan niabot na sa ikalima nga lebel ang tubig giawhag ang tanan sa pagdung sa evacuation center', '2018-10-22 08:49:28', '2018-10-22 08:49:28'),
(575, 3, 'Pahibalo gkan sa barangay kamayaan niabot na sa ikaupat nga lebel ang tubig palihug bantay', '2018-10-22 08:49:29', '2018-10-22 08:49:29'),
(576, 3, 'Pahibalo gkan sa barangay kamayaan niabot na sa ikaunom nga lebel ang tubig tawagi kini nga numero para sa dugang tabang 09306866512', '2018-10-22 08:54:27', '2018-10-22 08:54:27'),
(577, 4, 'Pahibalo gkan sa barangay kamayaan niabot na sa ikaunom nga lebel ang tubig tawagi kini nga numero para sa dugang tabang 09306866512', '2018-10-22 08:54:27', '2018-10-22 08:54:27'),
(578, 3, 'Pahibalo gkan sa barangay kamayaan niabot na sa ikalima nga lebel ang tubig giawhag ang tanan sa pagdung sa evacuation center', '2018-10-22 08:54:29', '2018-10-22 08:54:29'),
(579, 4, 'Pahibalo gkan sa barangay kamayaan niabot na sa ikalima nga lebel ang tubig giawhag ang tanan sa pagdung sa evacuation center', '2018-10-22 08:54:29', '2018-10-22 08:54:29'),
(580, 3, 'Pahibalo gkan sa barangay kamayaan niabot na sa ikalima nga lebel ang tubig giawhag ang tanan sa pagdung sa evacuation center', '2018-10-22 08:54:29', '2018-10-22 08:54:29'),
(581, 4, 'Pahibalo gkan sa barangay kamayaan niabot na sa ikalima nga lebel ang tubig giawhag ang tanan sa pagdung sa evacuation center', '2018-10-22 08:54:29', '2018-10-22 08:54:29'),
(582, 4, 'Pahibalo gkan sa barangay kamayaan niabot na sa ikaupat nga lebel ang tubig palihug bantay', '2018-10-22 09:02:51', '2018-10-22 09:02:51'),
(583, 3, 'Pahibalo gkan sa barangay kamayaan niabot na sa ikalima nga lebel ang tubig giawhag ang tanan sa pagdung sa evacuation center', '2018-10-22 09:02:55', '2018-10-22 09:02:55'),
(584, 4, 'Pahibalo gkan sa barangay kamayaan niabot na sa ikalima nga lebel ang tubig giawhag ang tanan sa pagdung sa evacuation center', '2018-10-22 09:02:55', '2018-10-22 09:02:55'),
(585, 3, 'Pahibalo gkan sa barangay kamayaan niabot na sa ikalima nga lebel ang tubig giawhag ang tanan sa pagdung sa evacuation center', '2018-10-22 09:02:56', '2018-10-22 09:02:56'),
(586, 4, 'Pahibalo gkan sa barangay kamayaan niabot na sa ikalima nga lebel ang tubig giawhag ang tanan sa pagdung sa evacuation center', '2018-10-22 09:02:56', '2018-10-22 09:02:56'),
(587, 3, 'Pahibalo gkan sa barangay kamayaan niabot na sa ikalima nga lebel ang tubig giawhag ang tanan sa pagdung sa evacuation center', '2018-10-22 09:03:05', '2018-10-22 09:03:05'),
(588, 4, 'Pahibalo gkan sa barangay kamayaan niabot na sa ikalima nga lebel ang tubig giawhag ang tanan sa pagdung sa evacuation center', '2018-10-22 09:03:05', '2018-10-22 09:03:05'),
(589, 3, 'Pahibalo gkan sa barangay kamayaan niabot na sa ikaupat nga lebel ang tubig palihug bantay', '2018-10-22 09:03:14', '2018-10-22 09:03:14'),
(590, 4, 'Pahibalo gkan sa barangay kamayaan niabot na sa ikaupat nga lebel ang tubig palihug bantay', '2018-10-22 09:44:15', '2018-10-22 09:44:15'),
(591, 3, 'Pahibalo gkan sa barangay kamayaan niabot na sa ikaupat nga lebel ang tubig palihug bantay', '2018-10-22 09:50:22', '2018-10-22 09:50:22'),
(592, 3, 'Pahibalo gkan sa barangay kamayaan niabot na sa ikaunom nga lebel ang tubig tawagi kini nga numero para sa dugang tabang 09306866512', '2018-10-22 09:53:50', '2018-10-22 09:53:50'),
(593, 4, 'Pahibalo gkan sa barangay kamayaan niabot na sa ikaunom nga lebel ang tubig tawagi kini nga numero para sa dugang tabang 09306866512', '2018-10-22 09:53:50', '2018-10-22 09:53:50'),
(594, 3, 'Pahibalo gkan sa barangay kamayaan niabot na sa ikaupat nga lebel ang tubig palihug bantay', '2018-10-22 09:54:02', '2018-10-22 09:54:02'),
(595, 3, 'Pahibalo gkan sa barangay kamayaan niabot na sa ikalima nga lebel ang tubig giawhag ang tanan sa pagdung sa evacuation center', '2018-10-22 10:02:31', '2018-10-22 10:02:31'),
(596, 4, 'Pahibalo gkan sa barangay kamayaan niabot na sa ikalima nga lebel ang tubig giawhag ang tanan sa pagdung sa evacuation center', '2018-10-22 10:02:31', '2018-10-22 10:02:31'),
(597, 3, 'Pahibalo gkan sa barangay kamayaan niabot na sa ikalima nga lebel ang tubig giawhag ang tanan sa pagdung sa evacuation center', '2018-10-22 10:02:37', '2018-10-22 10:02:37'),
(598, 4, 'Pahibalo gkan sa barangay kamayaan niabot na sa ikalima nga lebel ang tubig giawhag ang tanan sa pagdung sa evacuation center', '2018-10-22 10:02:37', '2018-10-22 10:02:37'),
(599, 3, 'Palihug ug kuha sa basura sa basurahan kay puno na siya', '2019-02-15 00:27:26', '2019-02-15 00:27:26'),
(600, 4, 'Palihug ug kuha sa basura sa basurahan kay puno na siya', '2019-02-15 00:27:26', '2019-02-15 00:27:26'),
(601, 5, 'Palihug ug kuha sa basura sa basurahan kay puno na siya', '2019-02-15 00:27:26', '2019-02-15 00:27:26'),
(602, 3, 'Pahibalo hapit na mapuno ang basurahan', '2019-02-15 00:27:38', '2019-02-15 00:27:38'),
(603, 4, 'Pahibalo hapit na mapuno ang basurahan', '2019-02-15 00:27:39', '2019-02-15 00:27:39'),
(604, 5, 'Pahibalo hapit na mapuno ang basurahan', '2019-02-15 00:27:39', '2019-02-15 00:27:39'),
(605, 3, 'Pahibalo hapit na mapuno ang basurahan', '2019-02-15 01:27:39', '2019-02-15 01:27:39'),
(606, 4, 'Pahibalo hapit na mapuno ang basurahan', '2019-02-15 01:27:39', '2019-02-15 01:27:39'),
(607, 5, 'Pahibalo hapit na mapuno ang basurahan', '2019-02-15 01:27:39', '2019-02-15 01:27:39'),
(608, 3, 'Pahibalo hapit na mapuno ang basurahan', '2019-02-15 01:27:52', '2019-02-15 01:27:52'),
(609, 4, 'Pahibalo hapit na mapuno ang basurahan', '2019-02-15 01:27:52', '2019-02-15 01:27:52'),
(610, 5, 'Pahibalo hapit na mapuno ang basurahan', '2019-02-15 01:27:52', '2019-02-15 01:27:52'),
(611, 3, 'Palihug ug kuha sa basura sa basurahan kay puno na siya', '2019-02-15 01:27:52', '2019-02-15 01:27:52'),
(612, 4, 'Palihug ug kuha sa basura sa basurahan kay puno na siya', '2019-02-15 01:27:52', '2019-02-15 01:27:52'),
(613, 5, 'Palihug ug kuha sa basura sa basurahan kay puno na siya', '2019-02-15 01:27:52', '2019-02-15 01:27:52'),
(614, 3, 'Pahibalo hapit na mapuno ang basurahan', '2019-02-15 01:27:53', '2019-02-15 01:27:53'),
(615, 4, 'Pahibalo hapit na mapuno ang basurahan', '2019-02-15 01:27:53', '2019-02-15 01:27:53'),
(616, 5, 'Pahibalo hapit na mapuno ang basurahan', '2019-02-15 01:27:53', '2019-02-15 01:27:53'),
(617, 3, 'Pahibalo hapit na mapuno ang basurahan', '2019-02-15 01:27:53', '2019-02-15 01:27:53'),
(618, 4, 'Pahibalo hapit na mapuno ang basurahan', '2019-02-15 01:27:53', '2019-02-15 01:27:53'),
(619, 5, 'Pahibalo hapit na mapuno ang basurahan', '2019-02-15 01:27:53', '2019-02-15 01:27:53'),
(620, 3, 'Pahibalo hapit na mapuno ang basurahan', '2019-02-15 01:28:51', '2019-02-15 01:28:51'),
(621, 4, 'Pahibalo hapit na mapuno ang basurahan', '2019-02-15 01:28:51', '2019-02-15 01:28:51'),
(622, 5, 'Pahibalo hapit na mapuno ang basurahan', '2019-02-15 01:28:51', '2019-02-15 01:28:51'),
(623, 3, 'Pahibalo hapit na mapuno ang basurahan', '2019-02-15 01:29:33', '2019-02-15 01:29:33'),
(624, 4, 'Pahibalo hapit na mapuno ang basurahan', '2019-02-15 01:29:33', '2019-02-15 01:29:33'),
(625, 5, 'Pahibalo hapit na mapuno ang basurahan', '2019-02-15 01:29:33', '2019-02-15 01:29:33'),
(626, 3, 'Palihug ug kuha sa basura sa basurahan kay puno na siya', '2019-02-15 01:29:54', '2019-02-15 01:29:54'),
(627, 4, 'Palihug ug kuha sa basura sa basurahan kay puno na siya', '2019-02-15 01:29:54', '2019-02-15 01:29:54'),
(628, 5, 'Palihug ug kuha sa basura sa basurahan kay puno na siya', '2019-02-15 01:29:54', '2019-02-15 01:29:54'),
(629, 3, 'Palihug ug kuha sa basura sa basurahan kay puno na siya', '2019-02-15 01:30:10', '2019-02-15 01:30:10'),
(630, 4, 'Palihug ug kuha sa basura sa basurahan kay puno na siya', '2019-02-15 01:30:10', '2019-02-15 01:30:10'),
(631, 5, 'Palihug ug kuha sa basura sa basurahan kay puno na siya', '2019-02-15 01:30:10', '2019-02-15 01:30:10'),
(632, 3, 'Pahibalo hapit na mapuno ang basurahan', '2019-02-15 04:31:01', '2019-02-15 04:31:01'),
(633, 4, 'Pahibalo hapit na mapuno ang basurahan', '2019-02-15 04:31:01', '2019-02-15 04:31:01'),
(634, 5, 'Pahibalo hapit na mapuno ang basurahan', '2019-02-15 04:31:01', '2019-02-15 04:31:01'),
(635, 3, 'Pahibalo hapit na mapuno ang basurahan', '2019-02-15 04:31:13', '2019-02-15 04:31:13'),
(636, 4, 'Pahibalo hapit na mapuno ang basurahan', '2019-02-15 04:31:13', '2019-02-15 04:31:13'),
(637, 5, 'Pahibalo hapit na mapuno ang basurahan', '2019-02-15 04:31:13', '2019-02-15 04:31:13'),
(638, 3, 'Palihug ug kuha sa basura sa basurahan kay puno na siya', '2019-02-15 04:34:24', '2019-02-15 04:34:24'),
(639, 4, 'Palihug ug kuha sa basura sa basurahan kay puno na siya', '2019-02-15 04:34:24', '2019-02-15 04:34:24'),
(640, 5, 'Palihug ug kuha sa basura sa basurahan kay puno na siya', '2019-02-15 04:34:24', '2019-02-15 04:34:24'),
(641, 3, 'Pahibalo hapit na mapuno ang basurahan', '2019-02-15 04:39:51', '2019-02-15 04:39:51'),
(642, 4, 'Pahibalo hapit na mapuno ang basurahan', '2019-02-15 04:39:52', '2019-02-15 04:39:52'),
(643, 5, 'Pahibalo hapit na mapuno ang basurahan', '2019-02-15 04:39:52', '2019-02-15 04:39:52'),
(644, 3, 'Pahibalo hapit na mapuno ang basurahan', '2019-02-15 04:39:53', '2019-02-15 04:39:53'),
(645, 4, 'Pahibalo hapit na mapuno ang basurahan', '2019-02-15 04:39:53', '2019-02-15 04:39:53'),
(646, 5, 'Pahibalo hapit na mapuno ang basurahan', '2019-02-15 04:39:53', '2019-02-15 04:39:53'),
(647, 3, 'Pahibalo hapit na mapuno ang basurahan', '2019-02-16 06:36:06', '2019-02-16 06:36:06'),
(648, 4, 'Pahibalo hapit na mapuno ang basurahan', '2019-02-16 06:36:06', '2019-02-16 06:36:06'),
(649, 5, 'Pahibalo hapit na mapuno ang basurahan', '2019-02-16 06:36:06', '2019-02-16 06:36:06');

-- --------------------------------------------------------

--
-- Table structure for table `users`
--

CREATE TABLE `users` (
  `id` int(10) UNSIGNED NOT NULL,
  `firstname` varchar(191) COLLATE utf8mb4_unicode_ci NOT NULL,
  `lastname` varchar(191) COLLATE utf8mb4_unicode_ci NOT NULL,
  `gender` varchar(191) COLLATE utf8mb4_unicode_ci NOT NULL,
  `address` varchar(191) COLLATE utf8mb4_unicode_ci NOT NULL,
  `email` varchar(191) COLLATE utf8mb4_unicode_ci NOT NULL,
  `email_verified_at` timestamp NULL DEFAULT NULL,
  `password` varchar(191) COLLATE utf8mb4_unicode_ci NOT NULL,
  `avatar` varchar(191) COLLATE utf8mb4_unicode_ci DEFAULT NULL,
  `remember_token` varchar(100) COLLATE utf8mb4_unicode_ci DEFAULT NULL,
  `created_at` timestamp NULL DEFAULT NULL,
  `updated_at` timestamp NULL DEFAULT NULL
) ENGINE=InnoDB DEFAULT CHARSET=utf8mb4 COLLATE=utf8mb4_unicode_ci;

--
-- Dumping data for table `users`
--

INSERT INTO `users` (`id`, `firstname`, `lastname`, `gender`, `address`, `email`, `email_verified_at`, `password`, `avatar`, `remember_token`, `created_at`, `updated_at`) VALUES
(1, 'Water', 'Water', 'Male', 'Balilihan', 'water@balilihan.com', NULL, '$2y$10$2HQfVNjH/adH7VbJaWSqK.OSov3aBCSEcvF.8kXzkDLwGCtImZ2r2', 'admin/4WhgE8eU9SMEwHBu18SijyHcCOQzt8orqGD7rZpY.jpeg', '0lceSsLgDTA7ObCzqVP6bXgSkghyGgevE2eChP5Myra1VXM7vwpDgfGJuaQ1', '2018-10-11 14:17:13', '2018-10-16 23:28:26'),
(5, 'Merly', 'Bakiki', 'Female', 'Balilihan', 'merly@yahoo.com', NULL, '$2y$10$IgrABWRbVW0ZVvYei7YB7edKDwMfr7aPQFD7xyEcrukanPNWhmZsa', 'admin/v4KTJfBZRln9PZ4GvD2YFfwe1HEkJXyvs4m12LjY.jpeg', 'HSGaBKpDSmq86kfD5iKdAwYPqR6Ks1WqFdNWpZLf4tRq0yrY3bWSc40R2RXY', '2018-10-15 05:44:53', '2018-10-15 05:44:53'),
(6, 'Cirila', 'Lina', 'Female', 'Maslog', 'cici@gmail.com', NULL, '$2y$10$EiWQ38dykR9v8jp46UTwHew66oBgh2lnzllgatoqDVkWo88b1vfEe', 'admin/TUoM4kbqOaBGuQUd8qQRYGGhqOHI4hPu102YESZG.jpeg', 'gvm6TNvaIyjevj5tgeEWPVc5Zo0TsxMDgXZx2da8X6tnw8zPOizakg0DDYuI', '2018-10-15 05:50:37', '2018-10-15 05:50:37');

--
-- Indexes for dumped tables
--

--
-- Indexes for table `areas`
--
ALTER TABLE `areas`
  ADD PRIMARY KEY (`id`);

--
-- Indexes for table `contacts`
--
ALTER TABLE `contacts`
  ADD PRIMARY KEY (`id`);

--
-- Indexes for table `levels`
--
ALTER TABLE `levels`
  ADD PRIMARY KEY (`id`);

--
-- Indexes for table `migrations`
--
ALTER TABLE `migrations`
  ADD PRIMARY KEY (`id`);

--
-- Indexes for table `password_resets`
--
ALTER TABLE `password_resets`
  ADD KEY `password_resets_email_index` (`email`);

--
-- Indexes for table `sents`
--
ALTER TABLE `sents`
  ADD PRIMARY KEY (`id`);

--
-- Indexes for table `users`
--
ALTER TABLE `users`
  ADD PRIMARY KEY (`id`),
  ADD UNIQUE KEY `users_email_unique` (`email`);

--
-- AUTO_INCREMENT for dumped tables
--

--
-- AUTO_INCREMENT for table `areas`
--
ALTER TABLE `areas`
  MODIFY `id` int(10) UNSIGNED NOT NULL AUTO_INCREMENT, AUTO_INCREMENT=3;
--
-- AUTO_INCREMENT for table `contacts`
--
ALTER TABLE `contacts`
  MODIFY `id` int(10) UNSIGNED NOT NULL AUTO_INCREMENT, AUTO_INCREMENT=6;
--
-- AUTO_INCREMENT for table `levels`
--
ALTER TABLE `levels`
  MODIFY `id` int(10) UNSIGNED NOT NULL AUTO_INCREMENT, AUTO_INCREMENT=389;
--
-- AUTO_INCREMENT for table `migrations`
--
ALTER TABLE `migrations`
  MODIFY `id` int(10) UNSIGNED NOT NULL AUTO_INCREMENT, AUTO_INCREMENT=10;
--
-- AUTO_INCREMENT for table `sents`
--
ALTER TABLE `sents`
  MODIFY `id` int(10) UNSIGNED NOT NULL AUTO_INCREMENT, AUTO_INCREMENT=650;
--
-- AUTO_INCREMENT for table `users`
--
ALTER TABLE `users`
  MODIFY `id` int(10) UNSIGNED NOT NULL AUTO_INCREMENT, AUTO_INCREMENT=7;COMMIT;

/*!40101 SET CHARACTER_SET_CLIENT=@OLD_CHARACTER_SET_CLIENT */;
/*!40101 SET CHARACTER_SET_RESULTS=@OLD_CHARACTER_SET_RESULTS */;
/*!40101 SET COLLATION_CONNECTION=@OLD_COLLATION_CONNECTION */;
